OtherName,Name,Vector,Crossings,Mosaic,TileNum
4a_1,4_1,"8,10,10,9,10,7,8",4,5,17
5a_2,5_1,"9,10,10,7,10,10,8",5,5,17
5a_1,5_2,"9,10,10,9,10,7,8",5,5,17
6a_3,6_1,"9,10,10,10,9,9,10",7,5,17
6a_2,6_2,"9,10,10,9,10,10,8",6,5,17
7a_6,7_4,"9,10,10,9,10,10,9",7,5,17
0_1,0_1,"10,10,10,10,10,10,10,7,7,7,7,8",7,6,24
3a_1,3_1,"10,10,10,10,10,7,7,10,7,10,7,7",7,6,24
4a_1,4_1,"10,10,10,10,7,10,7,7,7,8,9,10",7,6,24
5a_1,5_2,"10,10,10,7,7,7,7,10,8,10,9,10",7,6,24
5a_2,5_1,"10,10,10,7,7,7,9,7,8,10,9,10",7,6,24
6a_1,6_3,"10,7,10,7,10,7,7,8,9,10,9,10",7,6,24
6a_2,6_2,"10,7,10,7,7,7,8,10,9,10,9,10",7,6,24
6a_3,6_1,"10,7,10,7,10,7,8,10,8,10,9,10",7,6,24
7a_1,7_7,"10,7,10,7,10,7,7,10,9,10,7,10",7,6,24
7a_2,7_6,"10,7,10,7,10,7,9,10,8,10,7,10",7,6,24
7a_3,7_5,"10,7,10,7,10,7,7,10,9,8,9,10",7,6,24
7a_4,7_2,"10,7,10,7,10,7,9,7,8,10,9,10",7,6,24
7a_5,7_3,"10,7,10,7,10,7,9,7,9,8,9,10",7,6,24
7a_6,7_4,"10,7,10,7,7,9,7,7,9,10,9,10",7,6,24
7a_7,7_1,"10,7,10,7,7,9,9,7,8,10,9,10",7,6,24
8a_11,8_1,"10,7,10,7,10,9,9,7,8,10,9,10",8,6,24
8a_12,8_18,"10,7,10,9,10,7,7,10,9,10,7,10",8,6,24
8a_13,8_5,"10,7,10,8,10,7,9,10,8,10,9,10",8,6,24
8a_14,8_17,"10,7,10,9,10,7,7,10,9,8,9,10",8,6,24
8a_15,8_16,"10,7,10,8,10,7,7,10,9,10,9,10",8,6,24
8a_17,8_4,"10,7,10,7,7,9,9,7,9,10,9,10",8,6,24
8a_1,8_14,"10,7,10,7,10,7,7,10,9,10,9,10",8,6,24
8a_3,8_10,"10,7,10,8,10,7,9,10,9,8,9,10",8,6,24
8a_4,8_8,"10,7,10,7,10,7,9,10,8,10,9,10",8,6,24
8a_5,8_12,"10,7,10,7,10,9,9,10,9,10,7,8",8,6,24
8a_6,8_7,"10,7,10,7,10,7,9,7,9,10,9,10",8,6,24
8a_7,8_13,"10,7,10,7,7,9,9,10,9,10,7,10",8,6,24
8a_8,8_2,"10,7,10,7,7,9,9,10,8,10,9,10",8,6,24
8a_9,8_11,"10,7,10,7,10,7,9,10,9,8,9,10",8,6,24
8n_1,8_20,"10,7,10,8,10,10,7,10,10,8,10,9",8,6,24
8n_2,8_21,"10,7,10,8,10,9,7,9,10,10,10,8",8,6,24
8n_3,8_19,"10,7,10,10,7,7,7,9,10,10,9,10",8,6,24
8a_10,8_6,"10,7,10,9,8,10,9,10,8,9,10,9",9,6,24
8a_16,8_9,"10,7,10,8,10,9,9,8,10,10,10,9",9,6,24
8a_18,8_3,"10,7,10,9,9,10,9,7,7,9,9,10",9,6,24
9a_12,9_27,"10,7,10,7,10,7,9,10,9,10,9,10",9,6,24
9a_13,9_31,"10,7,10,9,10,7,9,8,9,10,9,10",9,6,24
9a_14,9_17,"10,7,10,8,10,9,9,10,7,10,9,10",9,6,24
9a_16,9_23,"10,7,10,7,10,9,7,10,9,10,9,10",9,6,24
9a_17,9_14,"10,7,10,9,10,9,9,7,7,10,9,10",9,6,24
9a_19,9_20,"10,7,10,7,7,9,9,10,9,10,9,10",9,6,24
9a_20,9_11,"10,7,10,7,10,9,9,7,9,10,9,10",9,6,24
9a_36,9_5,"10,9,10,8,10,7,9,10,9,7,9,10",9,6,24
9a_8,9_8,"10,7,10,7,10,9,9,10,8,10,9,10",9,6,24
10a_104,10_100,"10,7,10,8,10,9,9,10,9,10,9,10",10,6,24
10a_120,10_116,"10,7,10,9,10,7,9,10,9,10,9,10",10,6,24
10a_32,10_44,"10,7,10,9,10,9,9,10,7,10,9,10",10,6,24
10a_35,10_41,"10,7,10,7,10,9,9,10,9,10,9,10",10,6,24
10a_86,10_85,"10,7,10,9,10,9,9,10,8,10,9,10",10,6,24
10n_12,10_148,"10,7,10,9,10,10,9,10,8,9,10,9",10,6,24
10n_15,10_125,"10,7,10,8,10,10,9,10,9,9,9,10",10,6,24
10n_16,10_127,"10,7,9,9,10,10,10,7,10,9,10,9",10,6,24
10n_17,10_126,"10,7,10,9,9,10,9,7,10,9,9,10",10,6,24
10n_21,10_124,"10,7,10,10,7,9,9,9,10,10,9,10",10,6,24
10n_25,10_141,"10,7,10,8,10,10,9,10,10,9,10,9",10,6,24
10n_26,10_143,"10,7,10,8,10,9,9,9,10,10,10,9",10,6,24
10n_34,10_159,"10,7,10,9,10,10,7,10,10,9,10,9",10,6,24
10n_39,10_155,"10,7,10,8,9,10,9,9,10,9,10,9",10,6,24
9a_15,9_26,"10,7,10,9,10,9,9,8,10,10,10,9",10,6,24
9a_21,9_21,"10,7,10,9,8,10,9,10,10,9,9,10",10,6,24
9a_22,9_12,"10,7,10,9,9,10,9,10,7,9,9,10",10,6,24
9a_3,9_19,"10,7,10,9,8,10,9,10,10,9,10,9",10,6,24
0_1,0_1,"10,10,10,10,10,10,10,7,7,7",7,6,22
3a_1,3_1,"10,10,10,10,7,7,10,7,9,10",7,6,22
4a_1,4_1,"10,10,10,7,10,10,10,7,7,10",7,6,22
5a_1,5_2,"10,10,10,7,10,10,9,10,7,8",7,6,22
5a_2,5_1,"10,10,10,7,10,10,7,10,10,8",7,6,22
6a_1,6_3,"10,7,7,10,10,10,9,10,10,8",7,6,22
6a_2,6_2,"10,7,7,10,9,9,9,10,10,8",7,6,22
6a_3,6_1,"10,7,7,10,10,10,7,10,10,9",7,6,22
7a_1,7_7,"10,7,9,10,7,9,10,7,9,10",7,6,22
7a_2,7_6,"10,7,7,10,9,9,10,7,9,10",7,6,22
7a_3,7_5,"10,7,9,10,7,7,10,9,9,10",7,6,22
7a_4,7_2,"10,7,7,10,9,9,7,9,9,10",7,6,22
7a_6,7_4,"10,7,7,7,9,9,10,9,9,10",7,6,22
7a_7,7_1,"10,7,9,7,9,9,7,9,9,10",7,6,22
7a_5,7_3,"10,7,9,10,10,10,7,10,10,9",8,6,22
8a_17,8_4,"10,7,9,7,9,9,10,9,9,10",8,6,22
8a_7,8_13,"10,7,9,10,7,9,10,9,9,10",8,6,22
8a_8,8_2,"10,7,9,10,9,9,7,9,9,10",8,6,22
8a_11,8_1,"10,9,9,7,9,9,10,10,10,9",9,6,22
8a_16,8_9,"10,7,9,10,10,10,9,10,10,9",9,6,22
8a_18,8_3,"10,9,9,10,10,10,7,10,10,9",9,6,22
8a_4,8_8,"10,7,9,10,9,9,10,10,10,9",9,6,22
8a_6,8_7,"10,7,9,10,9,9,9,10,10,9",9,6,22
9a_19,9_20,"10,7,9,10,9,9,10,9,9,10",9,6,22
9a_36,9_5,"10,9,9,10,9,9,7,9,9,10",9,6,22
0_1,0_1,"10,10,10,10,10,10,10,7,7,7,7,7,8",7,6,27
3a_1,3_1,"10,10,10,10,10,7,10,7,10,7,7,7,8",7,6,27
4a_1,4_1,"10,10,10,7,10,7,10,7,7,9,10,7,8",7,6,27
5a_1,5_2,"10,10,10,7,7,7,8,10,9,10,7,7,10",7,6,27
5a_2,5_1,"10,10,10,7,7,7,8,10,7,7,9,9,10",7,6,27
6a_1,6_3,"10,7,10,7,7,10,7,7,9,10,7,9,10",7,6,27
6a_2,6_2,"10,7,10,7,7,10,8,10,7,9,10,10,8",7,6,27
6a_3,6_1,"10,7,10,7,7,10,7,7,9,7,9,9,10",7,6,27
7a_1,7_7,"10,7,10,7,7,7,9,10,7,10,7,9,10",7,6,27
7a_2,7_6,"10,7,10,7,7,10,8,10,7,10,7,9,10",7,6,27
7a_3,7_5,"10,7,10,9,9,10,9,10,7,7,7,7,8",7,6,27
7a_4,7_2,"10,7,10,7,7,10,8,10,7,7,9,9,10",7,6,27
7a_6,7_4,"10,7,10,7,7,7,8,10,7,10,9,9,10",7,6,27
7a_7,7_1,"10,7,10,7,7,7,8,10,9,7,9,9,10",7,6,27
7a_5,7_3,"10,7,10,7,7,7,8,10,9,9,10,10,9",8,6,27
8a_11,8_1,"10,7,10,7,7,10,8,10,9,7,9,9,10",8,6,27
8a_17,8_4,"10,7,10,7,7,7,8,10,9,10,9,9,10",8,6,27
8a_2,8_15,"10,7,10,7,7,10,9,10,7,10,7,9,10",8,6,27
8a_4,8_8,"10,7,10,7,7,10,8,10,9,10,7,9,10",8,6,27
8a_7,8_13,"10,7,10,7,7,7,9,10,7,10,9,9,10",8,6,27
8a_8,8_2,"10,7,10,7,7,7,9,10,9,7,9,9,10",8,6,27
8n_1,8_20,"10,7,10,7,7,10,9,10,7,9,10,10,8",8,6,27
8n_2,8_21,"10,7,10,7,9,10,9,10,7,9,10,7,8",8,6,27
8a_10,8_6,"10,7,10,9,7,10,8,10,9,9,10,10,8",9,6,27
8a_16,8_9,"10,7,10,9,7,7,9,10,9,9,10,10,8",9,6,27
8a_18,8_3,"10,7,10,7,9,7,8,10,9,9,10,10,9",9,6,27
8a_3,8_10,"10,7,10,7,7,10,9,10,9,9,10,10,8",9,6,27
8a_6,8_7,"10,7,10,7,7,7,9,10,9,9,10,10,9",9,6,27
8a_9,8_11,"10,7,10,7,9,10,8,10,9,9,10,10,8",9,6,27
8n_3,8_19,"10,7,10,7,9,10,9,10,10,9,10,7,8",9,6,27
9a_14,9_17,"10,7,10,7,9,10,8,10,9,10,7,9,10",9,6,27
9a_19,9_20,"10,7,10,7,7,7,9,10,9,10,9,9,10",9,6,27
9a_27,9_2,"10,7,10,9,7,10,8,10,9,7,9,9,10",9,6,27
9a_36,9_5,"10,7,10,7,9,7,8,10,9,10,9,9,10",9,6,27
9a_41,9_1,"10,7,10,9,9,7,8,10,9,7,9,9,10",9,6,27
9a_5,9_28,"10,7,10,7,7,10,9,10,9,10,7,9,10",9,6,27
9a_8,9_8,"10,7,10,7,7,10,9,10,9,7,9,9,10",9,6,27
10a_113,10_4,"10,7,10,9,9,7,8,10,9,10,9,9,10",10,6,27
10a_27,10_75,"10,7,10,7,9,10,9,10,9,10,7,9,10",10,6,27
10a_40,10_66,"10,7,10,7,9,10,9,10,7,10,9,9,10",10,6,27
10a_44,10_28,"10,7,10,7,9,10,8,10,9,10,9,9,10",10,6,27
10a_59,10_2,"10,7,10,9,9,10,8,10,9,7,9,9,10",10,6,27
10n_25,10_141,"10,7,10,7,9,10,9,10,7,9,10,10,9",10,6,27
10n_26,10_143,"10,7,10,9,9,10,9,10,7,9,10,10,8",10,6,27
9a_18,9_37,"10,7,10,7,9,10,9,10,9,9,10,10,8",10,6,27
9a_22,9_12,"10,7,10,7,9,10,8,10,9,9,10,10,9",10,6,27
9a_34,9_13,"10,7,10,9,9,7,9,10,9,9,10,10,8",10,6,27
9a_35,9_4,"10,7,10,9,9,7,8,10,9,9,10,10,9",10,6,27
9a_38,9_3,"10,7,9,10,9,10,8,9,10,7,10,10,9",10,6,27
9n_5,9_46,"10,7,10,7,9,10,9,10,10,9,10,10,8",10,6,27
9n_6,9_48,"10,7,10,7,9,10,9,10,10,10,7,9,10",10,6,27
10a_112,10_22,"10,7,9,10,9,10,10,9,10,7,10,10,9",11,6,27
10a_117,10_3,"10,9,10,9,9,7,8,10,9,9,10,10,9",11,6,27
10a_17,10_78,"10,7,10,7,9,10,9,10,9,10,10,10,9",11,6,27
10a_19,10_34,"10,7,10,9,9,10,8,10,9,10,10,10,9",11,6,27
10a_42,10_65,"10,7,10,9,9,10,9,10,9,9,10,10,8",11,6,27
10a_43,10_12,"10,7,10,9,9,10,8,10,9,9,10,10,9",11,6,27
10a_51,10_63,"10,7,10,7,9,10,9,10,9,9,10,10,9",11,6,27
10a_75,10_1,"10,9,10,9,9,7,8,10,9,10,10,10,9",11,6,27
10n_28,10_144,"10,7,10,7,9,10,9,10,10,10,9,9,10",11,6,27
10n_29,10_140,"10,7,10,9,9,10,9,10,10,9,10,10,8",11,6,27
10n_30,10_142,"10,7,10,7,9,10,9,10,10,9,10,10,9",11,6,27
11a_107,11a_107,"10,7,10,7,9,10,9,10,9,10,9,9,10",11,6,27
11a_140,11a_140,"10,7,10,9,9,10,8,10,9,10,9,9,10",11,6,27
11a_343,11a_343,"10,9,10,9,9,10,8,10,9,7,9,9,10",11,6,27
8a_13,8_5,"10,7,10,7,9,10,9,10,10,9,9,9,10",11,6,27
9a_26,9_7,"10,7,10,9,9,10,10,10,10,7,10,10,9",11,6,27
9a_33,9_9,"10,7,10,9,9,10,9,10,10,7,10,10,9",11,6,27
9a_7,9_24,"10,7,10,9,9,10,10,10,10,9,10,10,8",11,6,27
9a_12,9_27,"10,7,7,10,7,9,10,9,9,10,7,9,10",9,7,27
9a_13,9_31,"10,7,9,10,7,9,10,7,9,10,7,9,10",9,7,27
9a_14,9_17,"10,7,9,10,7,9,7,9,9,10,7,9,10",9,7,27
9a_15,9_26,"10,7,7,10,7,9,10,7,9,10,9,9,10",9,7,27
9a_16,9_23,"10,7,7,10,9,9,10,9,9,10,7,7,10",9,7,27
9a_17,9_14,"10,7,9,10,7,9,10,7,9,7,9,9,10",9,7,27
9a_19,9_20,"10,7,7,7,7,9,10,9,9,10,9,9,10",9,7,27
9a_20,9_11,"10,7,7,10,9,9,10,7,9,7,9,9,10",9,7,27
9a_21,9_21,"10,7,9,10,7,7,10,7,9,10,9,9,10",9,7,27
9a_23,9_6,"10,7,9,10,7,7,10,9,9,7,9,9,10",9,7,27
9a_24,9_18,"10,7,7,10,9,9,10,7,7,10,9,9,10",9,7,27
9a_27,9_2,"10,7,7,10,9,9,7,9,9,7,9,9,10",9,7,27
9a_33,9_9,"10,7,9,7,9,9,10,7,7,10,9,9,10",9,7,27
9a_34,9_13,"10,7,7,10,7,7,10,9,9,10,9,9,10",9,7,27
9a_36,9_5,"10,7,7,7,9,9,10,9,9,7,9,9,10",9,7,27
9a_39,9_10,"10,9,9,10,7,7,10,7,7,10,9,9,10",9,7,27
9a_41,9_1,"10,7,9,7,9,9,7,9,9,7,9,9,10",9,7,27
9a_8,9_8,"10,7,7,10,9,9,7,9,9,10,7,9,10",9,7,27
10a_108,10_19,"10,7,9,7,9,9,10,7,9,10,9,9,10",10,7,27
10a_111,10_26,"10,9,9,10,7,7,10,7,9,10,9,9,10",10,7,27
10a_113,10_4,"10,7,9,7,9,9,7,9,9,10,9,9,10",10,7,27
10a_114,10_8,"10,7,9,7,9,9,10,9,9,7,9,9,10",10,7,27
10a_32,10_44,"10,7,9,10,7,9,10,9,9,10,7,9,10",10,7,27
10a_34,10_30,"10,7,7,10,7,9,10,9,9,10,9,9,10",10,7,27
10a_35,10_41,"10,7,7,10,9,9,10,9,9,10,7,9,10",10,7,27
10a_44,10_28,"10,7,9,10,7,9,7,9,9,10,9,9,10",10,7,27
10a_53,10_29,"10,7,9,10,7,7,10,9,9,10,9,9,10",10,7,27
10a_55,10_32,"10,7,7,10,9,9,10,7,9,10,9,9,10",10,7,27
10a_59,10_2,"10,7,9,10,9,9,7,9,9,7,9,9,10",10,7,27
10a_61,10_25,"10,7,9,10,9,9,10,7,7,10,9,9,10",10,7,27
10a_64,10_10,"10,7,9,10,7,9,10,9,9,7,9,9,10",10,7,27
9a_10,9_15,"10,7,9,10,7,7,10,9,9,10,10,10,9",10,7,27
9a_22,9_12,"10,7,9,10,10,7,9,10,10,9,10,10,8",10,7,27
9a_26,9_7,"10,7,7,10,9,9,10,10,7,9,10,10,9",10,7,27
9a_35,9_4,"10,7,9,10,10,7,9,10,10,7,10,10,9",10,7,27
9a_38,9_3,"10,7,9,10,10,10,7,10,10,7,10,10,9",10,7,27
9a_3,9_19,"10,7,7,10,7,9,10,9,9,10,10,10,9",10,7,27
10a_107,10_17,"10,7,9,7,9,9,10,9,9,9,10,10,9",11,7,27
10a_109,10_33,"10,7,9,10,10,10,9,10,7,9,10,10,9",11,7,27
10a_110,10_9,"10,7,9,10,10,10,9,10,10,7,10,10,9",11,7,27
10a_112,10_22,"10,7,9,10,10,10,7,10,10,9,10,10,9",11,7,27
10a_115,10_16,"10,9,9,10,10,10,9,7,7,9,10,10,9",11,7,27
10a_117,10_3,"10,9,9,10,10,10,7,10,10,7,10,10,9",11,7,27
10a_19,10_34,"10,7,9,10,9,9,7,9,9,10,10,10,9",11,7,27
10a_29,10_38,"10,7,7,10,9,9,10,9,9,10,10,10,9",11,7,27
10a_43,10_12,"10,7,9,10,9,9,10,10,10,7,10,10,9",11,7,27
10a_56,10_5,"10,7,9,10,9,9,9,10,10,7,10,10,9",11,7,27
10a_60,10_21,"10,7,9,10,9,9,10,10,7,9,10,10,9",11,7,27
10a_63,10_18,"10,7,7,10,9,9,10,9,9,9,10,10,9",11,7,27
10a_65,10_7,"10,7,9,10,9,9,10,7,9,9,10,10,9",11,7,27
10a_68,10_15,"10,7,9,7,9,9,10,9,9,10,10,10,9",11,7,27
10a_69,10_31,"10,7,7,10,9,9,10,10,10,9,10,10,9",11,7,27
10a_71,10_24,"10,9,9,10,7,7,10,9,9,10,10,10,9",11,7,27
10a_75,10_1,"10,9,9,7,9,9,7,9,9,10,10,10,9",11,7,27
11a_140,11a_140,"10,7,9,10,9,9,7,9,9,10,9,9,10",11,7,27
11a_185,11a_185,"10,7,9,10,9,9,10,7,9,10,9,9,10",11,7,27
11a_192,11a_192,"10,7,7,10,9,9,10,9,9,10,9,9,10",11,7,27
11a_203,11a_203,"10,7,9,10,9,9,10,9,9,7,9,9,10",11,7,27
11a_306,11a_306,"10,9,9,10,7,9,10,7,9,10,9,9,10",11,7,27
11a_308,11a_308,"10,7,9,7,9,9,10,9,9,10,9,9,10",11,7,27
11a_337,11a_337,"10,9,9,10,7,7,10,9,9,10,9,9,10",11,7,27
11a_343,11a_343,"10,9,9,10,9,9,7,9,9,7,9,9,10",11,7,27
11a_363,11a_363,"10,9,9,7,9,9,10,9,9,7,9,9,10",11,7,27
10a_116,10_11,"10,9,9,10,10,10,9,7,9,10,9,9,10",12,7,27
10a_26,10_39,"10,7,9,10,9,9,10,10,10,9,9,9,10",12,7,27
10a_33,10_14,"10,7,9,10,9,9,9,10,10,10,9,9,10",12,7,27
10a_5,10_36,"10,7,9,10,9,9,9,10,10,9,9,9,10",12,7,27
10a_70,10_6,"10,9,9,10,10,7,9,10,10,9,9,9,10",12,7,27
10a_74,10_20,"10,9,9,10,7,9,9,10,10,9,9,9,10",12,7,27
11a_180,11a_180,"10,7,9,10,9,9,10,10,10,9,10,10,9",12,7,27
11a_184,11a_184,"10,7,9,10,9,9,10,9,9,9,10,10,9",12,7,27
11a_205,11a_205,"10,9,9,10,7,9,10,9,9,10,10,10,9",12,7,27
11a_307,11a_307,"10,9,9,10,10,10,9,10,7,9,10,10,9",12,7,27
11a_309,11a_309,"10,7,9,10,10,10,9,10,10,9,10,10,9",12,7,27
11a_336,11a_336,"10,9,9,10,10,7,9,10,10,9,10,10,9",12,7,27
11a_341,11a_341,"10,9,9,10,7,9,9,10,10,9,10,10,9",12,7,27
11a_90,11a_90,"10,7,9,10,9,9,9,10,10,9,10,10,9",12,7,27
11a_93,11a_93,"10,7,9,10,9,9,10,9,9,10,10,10,9",12,7,27
12a_0541,12a_0541,"10,7,9,10,9,9,10,9,9,10,9,9,10",12,7,27
12a_1024,12a_1024,"10,9,9,10,7,9,10,9,9,10,9,9,10",12,7,27
10a_23,10_35,"10,9,9,9,10,10,10,9,9,10,10,10,9",13,7,27
10a_54,10_13,"10,9,9,10,10,10,9,9,9,10,10,10,9",13,7,27
11a_119,11a_119,"10,9,9,9,10,10,9,10,10,9,9,9,10",13,7,27
11a_145,11a_145,"10,9,9,10,9,9,10,10,10,9,9,9,10",13,7,27
11a_210,11a_210,"10,9,9,10,10,10,9,10,10,9,9,9,10",13,7,27
11a_226,11a_226,"10,9,9,10,9,9,9,10,10,9,9,9,10",13,7,27
11a_311,11a_311,"10,9,9,10,10,10,9,9,9,10,9,9,10",13,7,27
11a_333,11a_333,"10,9,9,10,10,10,9,10,10,10,9,9,10",13,7,27
12a_0601,12a_0601,"10,9,9,10,9,9,10,9,9,10,10,10,9",13,7,27
12a_1034,12a_1034,"10,9,9,10,9,9,10,10,10,9,10,10,9",13,7,27
12a_1126,12a_1126,"10,9,9,10,10,10,9,10,10,9,10,10,9",13,7,27
9a_10,9_15,"10,7,7,10,9,10,7,7,9,9,10,9,10,7,8",9,7,29
9a_11,9_33,"10,7,7,10,9,10,9,10,7,7,10,9,8,7,10",9,7,29
9a_12,9_27,"10,7,7,10,7,10,7,7,7,9,10,9,10,9,10",9,7,29
9a_13,9_31,"10,7,7,10,9,10,7,10,7,7,10,9,10,7,10",9,7,29
9a_14,9_17,"10,7,7,7,7,10,8,10,9,9,10,7,10,9,10",9,7,29
9a_15,9_26,"10,7,7,10,7,10,7,10,7,9,10,9,10,7,10",9,7,29
9a_16,9_23,"10,7,7,10,7,10,7,7,9,7,10,9,10,9,10",9,7,29
9a_17,9_14,"10,7,7,7,7,10,9,10,9,9,7,7,10,9,10",9,7,29
9a_18,9_37,"10,7,7,10,9,10,9,10,7,7,7,9,8,9,10",9,7,29
9a_1,9_30,"10,7,7,10,7,10,9,10,7,9,8,9,10,7,10",9,7,29
9a_19,9_20,"10,7,7,7,7,10,7,7,9,9,10,9,10,9,10",9,7,29
9a_20,9_11,"10,7,7,10,7,10,7,7,9,9,7,9,10,9,10",9,7,29
9a_21,9_21,"10,7,7,10,7,10,7,10,7,7,10,9,10,9,10",9,7,29
9a_22,9_12,"10,7,7,10,7,10,7,10,7,9,10,9,8,9,10",9,7,29
9a_23,9_6,"10,7,7,10,7,10,9,10,7,9,7,8,10,9,10",9,7,29
9a_24,9_18,"10,7,7,10,7,10,7,10,9,9,10,9,10,7,8",9,7,29
9a_25,9_16,"10,9,9,10,7,10,9,10,7,7,7,8,10,7,10",9,7,29
9a_26,9_7,"10,7,7,10,7,10,7,10,9,7,10,8,10,9,10",9,7,29
9a_27,9_2,"10,7,7,10,9,10,7,7,9,9,7,8,10,9,10",9,7,29
9a_28,9_34,"10,7,7,10,7,10,9,10,7,7,10,9,10,7,10",9,7,29
9a_2,9_22,"10,7,9,10,7,10,8,10,7,7,10,8,10,9,10",9,7,29
9a_30,9_38,"10,7,7,10,7,10,9,10,7,9,10,9,10,7,8",9,7,29
9a_32,9_39,"10,7,7,10,7,10,9,10,7,7,10,9,8,9,10",9,7,29
9a_33,9_9,"10,7,9,7,9,10,7,10,7,9,7,9,8,9,10",9,7,29
9a_34,9_13,"10,7,7,10,7,10,7,10,9,7,7,9,10,9,10",9,7,29
9a_36,9_5,"10,7,7,7,9,10,8,10,7,9,10,9,7,9,10",9,7,29
9a_38,9_3,"10,7,7,10,7,10,7,10,9,9,7,8,10,9,10",9,7,29
9a_3,9_19,"10,7,7,10,9,10,7,10,7,7,10,8,10,9,10",9,7,29
9a_39,9_10,"10,9,9,10,7,10,7,10,7,7,7,9,8,9,10",9,7,29
9a_41,9_1,"10,7,9,7,9,10,7,7,9,9,7,8,10,9,10",9,7,29
9a_4,9_25,"10,7,7,10,7,10,8,10,7,9,10,9,8,9,10",9,7,29
9a_5,9_28,"10,7,7,10,7,10,8,10,9,7,10,7,10,9,10",9,7,29
9a_6,9_32,"10,7,7,10,7,10,8,10,7,7,10,9,10,9,10",9,7,29
9a_7,9_24,"10,7,7,10,9,10,9,10,7,9,8,9,8,7,10",9,7,29
9a_8,9_8,"10,7,7,10,7,10,7,7,9,9,10,8,10,9,10",9,7,29
9a_9,9_36,"10,7,7,10,7,10,8,10,7,9,10,8,10,9,10",9,7,29
9n_1,9_44,"10,7,7,10,7,10,8,10,10,7,10,10,8,10,9",9,7,29
9n_2,9_45,"10,7,7,10,7,10,8,10,9,7,9,10,10,10,8",9,7,29
9n_3,9_43,"10,7,7,10,7,10,8,10,7,7,9,10,10,10,9",9,7,29
9n_4,9_42,"10,7,7,10,7,10,10,7,7,7,9,10,10,9,10",9,7,29
9n_5,9_46,"10,7,7,10,7,10,10,9,7,7,9,10,8,9,10",9,7,29
9n_6,9_48,"10,7,7,10,7,10,9,10,10,7,10,9,9,7,8",9,7,29
9n_7,9_47,"10,7,7,10,7,8,10,9,10,10,9,10,8,10,8",9,7,29
9n_8,9_49,"10,7,7,10,7,10,9,10,7,7,10,9,8,10,9",9,7,29
10a_10,10_71,"10,7,7,10,9,10,9,10,7,9,8,9,8,9,10",10,7,29
10a_104,10_100,"10,7,7,7,7,10,8,10,9,9,10,9,10,9,10",10,7,29
10a_108,10_19,"10,7,9,7,9,10,7,10,7,9,7,9,10,9,10",10,7,29
10a_109,10_33,"10,9,9,10,9,10,7,10,7,7,10,9,10,7,8",10,7,29
10a_111,10_26,"10,9,9,10,7,10,7,10,7,7,7,9,10,9,10",10,7,29
10a_112,10_22,"10,9,9,10,9,10,7,7,9,7,10,9,10,7,8",10,7,29
10a_113,10_4,"10,7,9,7,9,10,7,10,9,9,7,8,10,9,10",10,7,29
10a_114,10_8,"10,7,9,7,9,10,7,7,9,9,7,9,10,9,10",10,7,29
10a_115,10_16,"10,7,7,10,7,10,7,10,9,9,7,9,10,9,10",10,7,29
10a_116,10_11,"10,9,9,10,7,10,7,10,7,9,7,9,8,9,10",10,7,29
10a_120,10_116,"10,7,7,7,7,10,9,10,7,9,10,9,10,9,10",10,7,29
10a_13,10_49,"10,7,7,10,7,10,9,10,9,9,7,7,10,9,10",10,7,29
10a_14,10_53,"10,9,9,10,7,10,8,10,7,7,10,9,8,9,10",10,7,29
10a_15,10_47,"10,7,7,10,9,10,9,10,7,9,7,8,10,9,10",10,7,29
10a_17,10_78,"10,7,7,10,7,10,8,10,9,9,10,7,10,9,10",10,7,29
10a_19,10_34,"10,7,7,10,9,10,7,7,9,9,10,8,10,9,10",10,7,29
10a_23,10_35,"10,7,9,10,7,10,7,10,9,7,10,8,10,9,10",10,7,29
10a_25,10_45,"10,7,7,10,9,10,7,10,7,9,10,9,10,7,10",10,7,29
10a_26,10_39,"10,7,9,10,7,10,7,10,7,9,10,8,10,9,10",10,7,29
10a_27,10_75,"10,7,9,10,7,10,8,10,9,7,10,7,10,9,10",10,7,29
10a_29,10_38,"10,7,7,10,9,10,7,7,9,7,10,9,10,9,10",10,7,29
10a_30,10_40,"10,7,7,10,9,10,7,10,9,9,10,9,10,7,8",10,7,29
10a_3,10_73,"10,7,7,10,9,10,9,10,7,9,8,9,10,7,10",10,7,29
10a_31,10_42,"10,7,7,10,9,10,7,10,7,7,10,9,10,9,10",10,7,29
10a_32,10_44,"10,7,7,7,7,10,9,10,9,9,10,7,10,9,10",10,7,29
10a_33,10_14,"10,7,9,10,9,10,7,10,7,9,7,9,8,9,10",10,7,29
10a_34,10_30,"10,7,7,10,7,10,9,10,7,9,10,9,7,9,10",10,7,29
10a_35,10_41,"10,7,7,10,7,10,7,7,9,9,10,9,10,9,10",10,7,29
10a_36,10_113,"10,7,7,10,9,10,9,10,7,7,10,9,10,7,10",10,7,29
10a_38,10_69,"10,7,9,10,7,10,9,10,7,9,8,9,10,7,10",10,7,29
10a_39,10_87,"10,7,7,10,7,10,8,10,7,9,10,9,10,9,10",10,7,29
10a_40,10_66,"10,7,9,10,7,10,9,10,7,9,10,9,10,7,7",10,7,29
10a_41,10_62,"10,7,9,7,9,10,9,10,7,9,7,9,8,9,10",10,7,29
10a_42,10_65,"10,9,9,10,7,10,9,10,7,9,8,9,8,7,10",10,7,29
10a_44,10_28,"10,7,9,10,7,10,8,10,7,9,10,9,7,9,10",10,7,29
10a_45,10_101,"10,7,7,10,7,10,8,10,9,7,10,9,10,9,10",10,7,29
10a_47,10_95,"10,7,7,10,9,10,9,10,7,9,10,9,10,7,8",10,7,29
10a_48,10_54,"10,7,7,10,9,10,8,10,7,9,10,8,10,9,10",10,7,29
10a_5,10_36,"10,7,7,10,9,10,7,10,9,7,10,8,10,9,10",10,7,29
10a_51,10_63,"10,7,7,10,9,10,9,10,7,9,7,9,8,9,10",10,7,29
10a_52,10_43,"10,7,7,10,9,10,7,10,7,9,10,9,8,9,10",10,7,29
10a_53,10_29,"10,7,9,10,7,10,7,10,9,7,7,9,10,9,10",10,7,29
10a_54,10_13,"10,9,9,7,9,10,7,10,7,7,10,9,8,9,10",10,7,29
10a_55,10_32,"10,7,7,10,9,10,9,10,7,7,10,9,7,9,10",10,7,29
10a_56,10_5,"10,7,7,10,9,10,7,10,9,9,7,8,10,9,10",10,7,29
10a_57,10_23,"10,9,9,10,7,10,7,10,7,9,10,9,8,7,10",10,7,29
10a_58,10_27,"10,7,7,10,7,10,7,10,9,9,10,9,10,7,10",10,7,29
10a_59,10_2,"10,7,9,10,9,10,7,7,9,9,7,8,10,9,10",10,7,29
10a_60,10_21,"10,7,7,10,7,10,7,10,9,9,10,8,10,9,10",10,7,29
10a_6,10_57,"10,7,7,10,7,10,9,10,9,9,10,7,10,7,10",10,7,29
10a_61,10_25,"10,7,9,10,9,7,9,10,7,7,10,9,8,9,10",10,7,29
10a_62,10_74,"10,9,9,10,7,10,9,10,7,7,7,9,8,9,10",10,7,29
10a_63,10_18,"10,7,9,10,7,10,7,10,7,9,7,9,10,9,10",10,7,29
10a_64,10_10,"10,7,9,10,7,10,9,10,7,9,7,9,7,9,10",10,7,29
10a_66,10_107,"10,7,7,10,9,10,9,10,7,7,10,9,8,9,10",10,7,29
10a_68,10_15,"10,7,7,10,9,10,7,7,9,9,7,9,10,9,10",10,7,29
10a_69,10_31,"10,9,9,10,9,10,7,10,7,9,10,9,8,7,8",10,7,29
10a_71,10_24,"10,9,9,10,7,10,7,10,7,7,10,8,10,9,10",10,7,29
10a_75,10_1,"10,9,9,7,9,10,7,7,9,7,10,8,10,9,10",10,7,29
10a_76,10_112,"10,7,9,7,9,10,9,10,7,7,10,9,10,7,10",10,7,29
10a_80,10_52,"10,9,9,10,7,10,8,10,7,7,10,8,10,9,10",10,7,29
10a_81,10_46,"10,7,9,7,9,10,8,10,7,9,10,8,10,9,10",10,7,29
10a_83,10_82,"10,7,7,10,7,10,9,10,7,9,7,9,10,9,10",10,7,29
10a_84,10_86,"10,9,9,10,7,10,9,10,7,7,10,8,10,7,10",10,7,29
10a_86,10_85,"10,7,7,7,7,10,9,10,9,9,10,8,10,9,10",10,7,29
10a_87,10_83,"10,9,9,10,7,10,9,10,7,7,10,9,8,7,10",10,7,29
10a_9,10_55,"10,7,7,10,9,10,8,10,7,9,10,9,8,9,10",10,7,29
10a_91,10_94,"10,7,9,7,9,10,9,10,7,9,10,9,10,7,8",10,7,29
10a_95,10_106,"10,7,9,7,9,10,9,10,7,7,10,9,8,9,10",10,7,29
10a_97,10_102,"10,7,7,10,7,10,9,10,7,9,10,8,10,9,10",10,7,29
10a_99,10_117,"10,7,7,10,7,10,9,10,7,9,10,9,10,7,10",10,7,29
10n_11,10_149,"10,7,7,10,7,10,9,10,10,7,10,8,9,10,9",10,7,29
10n_12,10_148,"10,7,7,7,7,10,9,10,10,9,10,8,9,10,9",10,7,29
10n_13,10_132,"10,7,7,10,7,10,10,7,7,9,9,10,10,9,10",10,7,29
10n_14,10_145,"10,7,7,10,9,10,10,9,7,7,9,10,8,9,10",10,7,29
10n_15,10_125,"10,7,7,10,7,10,10,9,7,9,7,10,10,9,10",10,7,29
10n_16,10_127,"10,7,7,10,7,8,10,9,10,10,9,8,9,10,9",10,7,29
10n_17,10_126,"10,7,7,10,7,10,9,9,10,9,7,10,8,9,10",10,7,29
10n_18,10_129,"10,9,9,10,7,10,8,9,10,7,9,10,9,7,8",10,7,29
10n_19,10_131,"10,9,9,10,7,10,8,10,10,7,10,8,8,10,9",10,7,29
10n_20,10_130,"10,9,9,10,7,10,10,7,7,7,7,10,10,9,10",10,7,29
10n_21,10_124,"10,7,7,10,7,10,9,9,10,7,9,8,9,10,9",10,7,29
10n_22,10_128,"10,7,7,10,9,8,10,9,10,10,9,10,9,7,8",10,7,29
10n_23,10_146,"10,7,7,10,7,10,8,10,10,7,10,10,9,10,9",10,7,29
10n_24,10_147,"10,7,7,10,7,10,8,10,9,7,9,10,10,10,9",10,7,29
10n_25,10_141,"10,7,7,7,7,10,8,10,10,9,10,10,9,10,9",10,7,29
10n_26,10_143,"10,7,7,7,7,10,8,10,9,9,9,10,10,10,9",10,7,29
10n_27,10_139,"10,7,9,7,9,10,10,9,7,7,9,10,8,9,10",10,7,29
10n_28,10_144,"10,7,7,10,7,8,9,10,10,10,7,10,9,10,9",10,7,29
10n_29,10_140,"10,7,7,10,7,10,9,9,10,7,10,10,9,7,10",10,7,29
10n_30,10_142,"10,7,7,10,7,10,9,9,10,7,7,10,9,9,10",10,7,29
10n_3,10_136,"10,7,7,10,9,8,10,9,10,10,9,10,8,10,8",10,7,29
10n_31,10_161,"10,7,7,10,9,8,10,9,10,7,9,10,8,9,10",10,7,29
10n_32,10_156,"10,7,7,10,7,10,9,10,10,7,10,10,9,10,8",10,7,29
10n_33,10_160,"10,7,7,10,7,10,9,9,10,9,9,10,8,10,8",10,7,29
10n_34,10_159,"10,7,7,7,7,10,9,10,10,7,10,10,9,10,9",10,7,29
10n_38,10_164,"10,7,7,10,7,8,10,9,10,10,9,10,9,10,8",10,7,29
10n_39,10_155,"10,7,7,7,7,10,8,9,10,9,9,10,9,10,9",10,7,29
10n_40,10_162,"10,7,7,10,7,8,10,9,10,10,7,10,9,10,9",10,7,29
10n_4,10_133,"10,7,7,10,7,10,8,10,10,7,10,9,9,9,10",10,7,29
10n_5,10_135,"10,7,7,10,7,10,8,10,9,9,9,10,10,10,8",10,7,29
10n_6,10_134,"10,7,7,10,7,10,8,10,7,9,9,10,10,10,9",10,7,29
10n_8,10_151,"10,7,7,10,9,10,9,9,10,9,9,10,8,7,8",10,7,29
10n_9,10_150,"10,7,7,10,7,10,8,9,10,9,9,10,8,10,9",10,7,29
9a_35,9_4,"10,7,9,10,10,7,7,9,10,7,9,8,9,10,9",10,7,29
9a_40,9_35,"10,9,9,10,7,10,10,9,7,7,7,10,8,9,10",10,7,29
10a_105,10_103,"10,7,9,10,10,8,10,9,10,10,7,10,9,10,8",11,7,29
10a_107,10_17,"10,7,9,10,10,8,10,8,10,10,9,8,9,10,9",11,7,29
10a_110,10_9,"10,7,9,10,10,7,10,9,10,7,9,8,9,10,9",11,7,29
10a_117,10_3,"10,7,9,10,10,9,10,8,10,10,7,8,9,10,9",11,7,29
10a_122,10_64,"10,9,9,10,9,8,9,9,10,7,10,7,9,7,10",11,7,29
10a_123,10_61,"10,9,9,10,7,10,10,9,7,9,7,10,8,9,10",11,7,29
10a_16,10_51,"10,7,9,10,10,8,10,7,10,7,9,10,9,10,9",11,7,29
10a_18,10_77,"10,7,7,10,9,10,8,10,9,9,9,7,10,10,9",11,7,29
10a_28,10_56,"10,7,7,10,9,10,9,9,10,9,10,7,9,7,10",11,7,29
10a_37,10_67,"10,7,9,10,10,8,10,9,10,7,9,7,9,10,9",11,7,29
10a_43,10_12,"10,7,9,10,10,8,10,8,10,10,7,10,9,10,9",11,7,29
10a_49,10_37,"10,9,9,7,9,10,9,9,10,7,8,10,9,10,8",11,7,29
10a_50,10_84,"10,9,9,9,10,8,10,9,10,7,9,10,8,10,8",11,7,29
10a_65,10_7,"10,7,9,10,10,8,10,8,10,7,9,10,9,10,9",11,7,29
10a_70,10_6,"10,7,9,10,10,8,10,9,10,10,7,8,9,10,9",11,7,29
10a_74,10_20,"10,9,9,10,7,10,9,8,10,7,9,10,8,10,9",11,7,29
10a_77,10_114,"10,7,9,10,10,8,10,9,10,10,9,10,8,10,8",11,7,29
10a_79,10_48,"10,7,7,10,9,10,9,9,10,9,7,7,9,9,10",11,7,29
10a_82,10_50,"10,7,9,10,10,8,10,7,10,10,7,10,9,10,9",11,7,29
10a_92,10_90,"10,7,9,10,10,8,10,9,10,10,9,10,9,7,8",11,7,29
10n_35,10_163,"10,7,9,10,10,10,9,10,7,7,10,9,10,7,10",11,7,29
10n_41,10_158,"10,7,7,10,7,10,10,9,10,9,10,10,8,9,10",11,7,29
9a_31,9_29,"10,7,7,10,7,8,10,10,10,10,9,10,9,10,9",11,7,29
10a_106,10_91,"10,7,7,10,9,10,9,9,10,9,10,10,8,10,9",12,7,29
10a_22,10_70,"10,9,9,9,10,10,9,9,7,9,8,10,8,10,9",12,7,29
10a_4,10_72,"10,7,7,10,9,9,10,10,10,10,8,10,9,10,9",12,7,29
10a_46,10_92,"10,7,7,10,9,8,10,10,10,10,9,10,9,10,9",12,7,29
10a_67,10_68,"10,7,7,10,9,9,10,10,10,10,9,8,9,10,9",12,7,29
10n_36,10_152,"10,9,9,7,9,10,10,9,10,9,7,10,8,9,10",12,7,29
10a_101,10_93,"10,7,9,10,10,10,10,10,7,9,10,9,10,9,10",13,7,29
10a_73,10_76,"10,7,9,10,9,10,10,10,9,9,7,9,10,9,10",13,7,29
10a_78,10_79,"10,9,9,10,10,10,9,10,10,7,10,8,9,10,9",13,7,29
10n_10,10_153,"10,9,9,9,10,10,9,10,10,7,10,8,9,10,9",13,7,29
9a_10,9_15,"10,7,10,7,10,7,7,10,9,10,7,7,7,8,10,9,10",9,7,31
9a_11,9_33,"10,7,10,7,10,7,7,10,9,10,7,7,7,9,10,7,10",9,7,31
9a_12,9_27,"10,7,10,7,10,7,7,7,7,7,7,9,10,9,10,9,10",9,7,31
9a_13,9_31,"10,7,10,7,10,7,7,10,7,7,7,9,10,9,10,7,10",9,7,31
9a_14,9_17,"10,7,10,7,7,7,7,7,8,10,9,9,10,7,10,9,10",9,7,31
9a_15,9_26,"10,7,10,7,10,7,7,7,7,10,7,9,10,9,10,7,10",9,7,31
9a_16,9_23,"10,7,10,7,10,7,7,10,7,7,9,7,7,9,10,9,10",9,7,31
9a_17,9_14,"10,7,10,7,10,7,7,10,7,10,7,9,10,9,8,7,10",9,7,31
9a_18,9_37,"10,7,10,7,10,7,9,7,9,7,7,9,10,9,10,7,8",9,7,31
9a_1,9_30,"10,7,10,7,10,7,7,10,9,10,7,7,10,7,7,9,10",9,7,31
9a_19,9_20,"10,7,10,7,10,7,7,10,7,10,7,9,10,9,10,7,8",9,7,31
9a_20,9_11,"10,7,10,7,10,7,7,7,7,7,9,9,7,9,10,9,10",9,7,31
9a_21,9_21,"10,7,10,7,10,7,7,10,7,10,7,7,7,9,10,9,10",9,7,31
9a_22,9_12,"10,7,10,7,10,7,7,7,7,10,7,9,10,9,8,9,10",9,7,31
9a_23,9_6,"10,7,10,7,10,7,7,7,9,10,7,9,7,8,10,9,10",9,7,31
9a_24,9_18,"10,7,10,7,10,7,7,7,7,10,9,9,10,9,10,7,8",9,7,31
9a_25,9_16,"10,7,10,7,10,7,7,10,9,8,7,9,10,9,10,7,8",9,7,31
9a_26,9_7,"10,7,10,7,10,7,7,10,7,10,7,9,7,8,10,9,10",9,7,31
9a_27,9_2,"10,7,10,7,10,7,9,7,7,7,9,9,7,8,10,9,10",9,7,31
9a_28,9_34,"10,7,10,7,10,7,7,7,9,10,7,7,10,9,10,7,10",9,7,31
9a_2,9_22,"10,7,10,7,10,7,7,10,9,10,7,7,8,9,10,7,10",9,7,31
9a_29,9_41,"10,7,10,8,10,7,7,7,9,7,9,7,10,9,10,7,10",9,7,31
9a_30,9_38,"10,7,10,7,10,7,7,7,9,10,7,9,10,9,10,7,8",9,7,31
9a_31,9_29,"10,7,10,7,10,7,7,10,9,10,7,7,10,9,10,7,8",9,7,31
9a_32,9_39,"10,7,10,7,10,7,7,7,9,10,7,7,10,9,8,9,10",9,7,31
9a_33,9_9,"10,7,10,7,10,7,7,10,7,10,7,7,10,9,8,9,10",9,7,31
9a_34,9_13,"10,7,10,7,10,7,7,7,7,10,9,7,7,9,10,9,10",9,7,31
9a_35,9_4,"10,7,10,7,10,7,9,7,7,10,7,9,7,9,8,9,10",9,7,31
9a_36,9_5,"10,7,10,7,7,7,9,7,7,7,9,9,10,8,10,9,10",9,7,31
9a_37,9_40,"10,7,10,9,10,7,7,7,9,7,7,7,10,9,10,7,10",9,7,31
9a_38,9_3,"10,7,10,7,10,7,7,7,7,10,9,9,7,8,10,9,10",9,7,31
9a_3,9_19,"10,7,10,7,10,7,7,10,7,7,7,9,10,8,10,9,10",9,7,31
9a_39,9_10,"10,7,10,7,10,7,7,10,7,10,7,7,10,8,10,9,10",9,7,31
9a_40,9_35,"10,7,10,8,10,7,7,7,9,7,7,9,10,8,10,9,10",9,7,31
9a_41,9_1,"10,7,10,7,7,9,9,7,7,7,9,9,7,8,10,9,10",9,7,31
9a_4,9_25,"10,7,10,7,10,7,7,10,9,7,7,7,7,9,10,9,10",9,7,31
9a_5,9_28,"10,7,10,7,10,7,7,7,8,10,9,7,10,7,10,9,10",9,7,31
9a_6,9_32,"10,7,10,7,10,7,7,7,8,10,7,7,10,9,10,9,10",9,7,31
9a_7,9_24,"10,7,10,7,10,7,7,10,9,7,7,7,8,9,10,9,10",9,7,31
9a_8,9_8,"10,7,10,7,10,7,7,7,7,7,9,9,10,8,10,9,10",9,7,31
9a_9,9_36,"10,7,10,7,10,7,7,10,9,10,7,7,8,9,8,9,10",9,7,31
9n_1,9_44,"10,7,10,10,7,7,7,7,10,10,7,9,10,7,10,7,10",9,7,31
9n_2,9_45,"10,7,10,10,7,7,7,7,10,10,7,7,10,7,10,9,10",9,7,31
9n_3,9_43,"10,7,10,10,7,7,7,7,10,10,7,9,10,8,10,7,10",9,7,31
9n_4,9_42,"10,7,10,10,7,7,7,7,10,7,7,7,9,10,10,9,10",9,7,31
9n_5,9_46,"10,7,10,10,7,7,7,7,10,7,7,9,9,10,10,7,10",9,7,31
9n_6,9_48,"10,7,10,7,10,7,7,7,9,10,10,7,10,9,9,7,8",9,7,31
9n_7,9_47,"10,7,10,10,7,7,7,7,10,10,7,7,10,9,10,7,10",9,7,31
9n_8,9_49,"10,7,10,7,10,7,7,7,9,10,7,7,10,9,8,10,9",9,7,31
10a_100,10_110,"10,7,10,8,7,7,7,10,9,10,7,9,10,9,8,9,10",10,7,31
10a_10,10_71,"10,7,10,8,8,7,7,10,9,10,9,9,10,7,10,7,10",10,7,31
10a_101,10_93,"10,7,10,8,7,7,7,10,9,10,7,9,10,8,10,9,10",10,7,31
10a_103,10_99,"10,7,8,8,10,7,7,10,7,10,9,7,10,9,10,9,10",10,7,31
10a_104,10_100,"10,7,10,7,7,7,7,7,8,10,9,9,10,9,10,9,10",10,7,31
10a_105,10_103,"10,7,8,9,8,7,7,10,8,10,9,7,10,9,10,9,10",10,7,31
10a_106,10_91,"10,7,8,9,7,7,7,10,7,10,9,7,10,9,10,9,10",10,7,31
10a_107,10_17,"8,7,10,9,10,7,7,8,9,8,9,9,10,8,10,9,10",10,7,31
10a_108,10_19,"10,7,10,7,7,7,9,7,9,10,9,9,10,9,10,7,7",10,7,31
10a_109,10_33,"10,7,8,9,8,8,7,10,7,10,9,9,10,9,10,7,10",10,7,31
10a_110,10_9,"10,7,8,9,8,8,7,10,7,10,9,9,10,8,10,9,10",10,7,31
10a_1,10_60,"10,7,10,9,7,7,7,7,9,10,9,7,10,7,10,9,10",10,7,31
10a_11,10_88,"10,7,8,8,10,7,7,10,9,10,9,9,10,7,10,7,10",10,7,31
10a_112,10_22,"10,7,8,9,8,8,7,10,7,10,9,9,7,9,10,9,10",10,7,31
10a_113,10_4,"10,7,10,8,10,8,7,7,7,10,9,9,7,9,10,9,10",10,7,31
10a_114,10_8,"10,7,10,8,10,8,7,7,7,10,9,9,10,8,10,9,10",10,7,31
10a_115,10_16,"10,7,10,7,10,7,7,7,7,10,9,9,7,9,10,9,10",10,7,31
10a_118,10_104,"8,7,10,9,10,7,7,7,7,10,9,9,10,9,10,7,10",10,7,31
10a_119,10_108,"10,7,10,8,10,7,7,7,9,7,9,9,10,9,10,7,10",10,7,31
10a_120,10_116,"10,7,10,7,7,7,7,7,9,10,7,9,10,9,10,9,10",10,7,31
10a_123,10_61,"10,7,10,8,10,7,7,7,9,7,9,9,10,8,10,9,10",10,7,31
10a_13,10_49,"10,7,10,7,10,7,7,7,9,10,9,9,7,7,10,9,10",10,7,31
10a_14,10_53,"10,7,8,9,7,7,7,10,9,10,7,9,10,9,7,9,10",10,7,31
10a_15,10_47,"10,7,10,7,7,7,7,10,9,7,9,9,10,8,10,9,10",10,7,31
10a_16,10_51,"10,7,8,9,8,7,7,10,9,10,9,7,7,9,10,9,10",10,7,31
10a_17,10_78,"10,7,10,7,10,7,7,7,8,10,9,9,10,7,10,9,10",10,7,31
10a_18,10_77,"10,7,10,9,8,7,7,7,9,10,7,9,10,7,10,9,10",10,7,31
10a_19,10_34,"10,7,10,7,7,7,7,10,9,10,9,9,7,8,10,9,10",10,7,31
10a_2,10_59,"10,7,10,8,7,7,7,10,9,10,7,9,10,7,10,9,10",10,7,31
10a_21,10_89,"10,7,8,8,10,7,7,10,9,10,9,7,10,7,10,9,10",10,7,31
10a_22,10_70,"10,7,10,8,10,7,7,7,9,10,9,9,8,9,10,7,10",10,7,31
10a_23,10_35,"10,7,10,8,10,7,7,8,7,10,9,9,10,8,10,9,10",10,7,31
10a_25,10_45,"10,7,10,7,7,7,7,10,9,10,7,9,8,9,10,9,10",10,7,31
10a_26,10_39,"10,7,10,8,10,7,7,7,7,10,9,9,10,7,10,9,10",10,7,31
10a_27,10_75,"10,7,10,8,10,7,7,8,8,10,9,9,10,7,10,9,10",10,7,31
10a_28,10_56,"10,7,10,8,10,7,7,7,9,10,7,9,10,9,8,9,10",10,7,31
10a_29,10_38,"10,7,10,7,7,7,7,10,7,10,9,9,7,9,10,9,10",10,7,31
10a_30,10_40,"10,7,10,8,10,7,7,8,7,10,9,9,10,9,10,7,10",10,7,31
10a_3,10_73,"10,7,10,7,7,7,7,10,9,10,7,9,10,7,10,9,10",10,7,31
10a_31,10_42,"10,7,10,7,7,7,7,10,7,10,9,9,10,9,10,7,10",10,7,31
10a_32,10_44,"10,7,10,7,7,7,7,7,9,10,9,9,10,7,10,9,10",10,7,31
10a_33,10_14,"10,7,10,8,8,7,7,10,9,10,9,9,8,8,10,9,10",10,7,31
10a_34,10_30,"10,7,10,7,10,7,7,7,9,10,7,9,10,9,7,9,10",10,7,31
10a_35,10_41,"10,7,10,7,10,7,7,7,7,7,9,9,10,9,10,9,10",10,7,31
10a_36,10_113,"10,7,10,7,7,7,7,10,9,10,7,9,10,9,10,7,10",10,7,31
10a_37,10_67,"10,7,10,9,8,7,7,7,9,10,7,9,10,8,10,9,10",10,7,31
10a_38,10_69,"10,7,10,8,10,7,7,8,9,10,9,9,10,7,10,7,10",10,7,31
10a_39,10_87,"10,7,10,7,10,7,7,7,8,10,7,9,10,9,10,9,10",10,7,31
10a_40,10_66,"10,7,10,8,10,7,7,8,9,10,9,9,10,9,10,7,7",10,7,31
10a_4,10_72,"10,7,10,8,10,7,7,7,9,10,7,9,8,9,10,9,10",10,7,31
10a_41,10_62,"10,7,10,8,10,7,7,7,7,10,9,9,10,8,10,9,10",10,7,31
10a_42,10_65,"10,7,8,9,8,7,7,10,9,10,7,9,10,8,10,9,10",10,7,31
10a_43,10_12,"10,7,8,9,8,7,7,10,9,10,9,7,10,8,10,9,10",10,7,31
10a_44,10_28,"10,7,10,7,7,7,9,7,9,10,7,9,10,9,7,9,10",10,7,31
10a_45,10_101,"10,7,10,7,10,7,7,7,8,10,9,7,10,9,10,9,10",10,7,31
10a_46,10_92,"10,7,10,8,10,7,7,7,9,10,7,7,10,9,10,9,10",10,7,31
10a_47,10_95,"10,7,10,7,7,7,7,10,9,10,7,9,10,9,8,9,10",10,7,31
10a_48,10_54,"10,7,10,7,7,7,7,10,9,7,9,9,7,9,10,9,10",10,7,31
10a_50,10_84,"10,7,10,9,8,7,7,7,9,10,7,9,10,9,10,7,10",10,7,31
10a_5,10_36,"10,7,10,7,7,7,7,10,7,10,9,9,10,8,10,9,10",10,7,31
10a_51,10_63,"10,7,10,9,7,7,7,8,9,10,9,7,10,8,10,9,10",10,7,31
10a_52,10_43,"10,7,10,9,7,7,7,8,9,8,9,7,10,9,10,9,10",10,7,31
10a_53,10_29,"10,7,10,8,10,7,7,8,7,10,9,8,10,9,10,9,10",10,7,31
10a_54,10_13,"10,7,10,8,8,7,9,7,9,10,9,9,8,9,10,7,10",10,7,31
10a_55,10_32,"10,7,10,7,7,7,7,10,9,10,9,9,10,9,10,7,7",10,7,31
10a_56,10_5,"10,7,10,8,8,7,9,7,9,10,7,9,7,9,10,9,10",10,7,31
10a_57,10_23,"10,7,8,9,8,7,7,10,9,10,7,9,7,9,10,9,10",10,7,31
10a_58,10_27,"10,7,10,7,10,7,7,7,7,10,9,9,10,9,10,7,10",10,7,31
10a_59,10_2,"10,7,10,7,7,7,9,7,9,10,9,9,7,8,10,9,10",10,7,31
10a_60,10_21,"10,7,10,7,10,7,7,7,7,10,9,9,10,8,10,9,10",10,7,31
10a_6,10_57,"10,7,10,7,10,7,7,7,9,10,9,9,10,7,10,7,10",10,7,31
10a_61,10_25,"10,7,10,8,10,7,7,7,7,10,9,9,8,9,10,9,10",10,7,31
10a_62,10_74,"10,7,8,9,8,7,7,10,9,10,7,9,10,7,10,9,10",10,7,31
10a_63,10_18,"10,7,10,8,10,7,7,8,9,8,9,9,10,8,10,9,10",10,7,31
10a_64,10_10,"10,7,10,7,7,7,9,7,9,10,9,9,7,7,10,9,10",10,7,31
10a_65,10_7,"10,7,8,9,8,7,7,10,9,10,9,7,8,9,10,9,10",10,7,31
10a_66,10_107,"10,7,10,7,7,7,7,10,9,10,9,9,10,9,10,7,8",10,7,31
10a_67,10_68,"10,7,10,8,10,7,7,7,9,10,7,9,10,8,10,9,10",10,7,31
10a_68,10_15,"10,7,10,7,7,7,9,7,9,8,9,9,10,8,10,9,10",10,7,31
10a_70,10_6,"8,7,10,9,10,7,7,8,9,10,9,9,7,8,10,9,10",10,7,31
10a_71,10_24,"10,7,10,9,8,7,7,7,9,10,9,9,10,9,10,7,7",10,7,31
10a_72,10_105,"10,7,10,8,10,7,7,7,9,10,9,7,10,9,10,7,10",10,7,31
10a_75,10_1,"10,7,10,9,8,8,7,7,9,10,9,9,7,8,10,9,10",10,7,31
10a_76,10_112,"10,7,10,7,7,7,9,7,9,10,7,9,10,9,10,7,10",10,7,31
10a_77,10_114,"10,7,8,8,10,7,7,10,9,10,7,9,10,8,10,9,10",10,7,31
10a_79,10_48,"8,7,10,9,10,7,7,8,9,10,9,9,8,8,10,9,10",10,7,31
10a_80,10_52,"10,7,10,8,7,7,7,10,9,10,7,9,10,9,7,9,10",10,7,31
10a_8,10_80,"10,7,10,8,10,7,7,7,9,10,9,9,10,9,10,7,8",10,7,31
10a_81,10_46,"10,7,10,7,7,7,9,7,9,7,9,9,10,8,10,9,10",10,7,31
10a_82,10_50,"8,7,10,9,10,7,7,8,9,7,9,9,7,9,10,9,10",10,7,31
10a_83,10_82,"10,7,10,7,10,7,7,7,9,10,7,9,7,9,10,9,10",10,7,31
10a_84,10_86,"10,7,8,8,10,7,7,10,9,10,9,9,10,9,10,7,7",10,7,31
10a_85,10_119,"10,7,10,9,7,7,7,7,9,10,7,7,10,9,10,9,10",10,7,31
10a_86,10_85,"10,7,10,7,7,7,7,7,9,10,9,9,10,8,10,9,10",10,7,31
10a_87,10_83,"10,7,8,9,8,7,7,10,8,10,7,9,10,9,10,9,10",10,7,31
10a_88,10_118,"10,7,8,8,10,7,7,10,7,10,7,9,10,9,10,9,10",10,7,31
10a_89,10_122,"10,7,8,8,10,7,7,10,9,7,9,9,10,9,10,7,10",10,7,31
10a_90,10_121,"10,7,8,8,10,7,7,10,9,10,7,7,10,9,10,9,10",10,7,31
10a_9,10_55,"10,7,10,9,7,7,7,8,9,7,9,7,10,9,10,9,10",10,7,31
10a_91,10_94,"10,7,10,7,7,7,9,7,9,10,7,9,10,9,8,9,10",10,7,31
10a_92,10_90,"8,7,10,9,10,7,7,8,9,10,9,9,10,9,10,7,8",10,7,31
10a_94,10_115,"10,7,8,8,10,7,7,10,9,10,9,9,10,9,10,7,8",10,7,31
10a_95,10_106,"10,7,10,7,7,7,9,7,9,10,9,9,10,9,10,7,8",10,7,31
10a_96,10_98,"10,7,10,8,7,7,7,10,9,10,9,9,10,9,10,7,8",10,7,31
10a_97,10_102,"10,7,10,7,10,7,7,7,9,10,7,9,10,8,10,9,10",10,7,31
10a_99,10_117,"10,7,10,7,10,7,7,7,9,10,7,9,10,9,10,7,10",10,7,31
10n_10,10_153,"10,7,10,8,9,7,7,7,10,9,9,9,9,10,10,7,8",10,7,31
10n_1,10_138,"10,7,10,10,7,7,7,7,10,10,9,7,10,7,10,9,10",10,7,31
10n_11,10_149,"10,7,10,7,10,7,7,7,9,10,10,7,10,8,9,10,9",10,7,31
10n_12,10_148,"10,7,10,7,7,7,7,7,9,10,10,9,10,8,9,10,9",10,7,31
10n_13,10_132,"10,7,10,10,7,7,7,7,10,7,9,9,10,9,10,7,10",10,7,31
10n_14,10_145,"10,7,10,10,7,7,7,7,10,9,9,9,9,10,10,7,8",10,7,31
10n_15,10_125,"10,7,10,10,7,7,7,7,10,10,7,9,7,9,10,9,10",10,7,31
10n_16,10_127,"10,7,10,7,7,7,9,7,8,10,9,9,9,10,10,10,8",10,7,31
10n_17,10_126,"10,7,10,7,10,7,7,7,9,9,10,9,7,10,8,9,10",10,7,31
10n_18,10_129,"10,7,10,8,7,7,7,9,10,10,7,10,9,8,10,9,10",10,7,31
10n_19,10_131,"10,7,10,8,7,7,7,9,10,10,7,10,9,10,7,10,9",10,7,31
10n_20,10_130,"10,7,10,10,7,7,7,7,10,10,7,9,10,8,10,9,10",10,7,31
10n_2,10_137,"10,7,10,10,7,7,7,7,10,10,9,9,10,7,10,7,10",10,7,31
10n_21,10_124,"10,7,10,10,7,7,7,7,7,7,9,9,9,10,10,9,10",10,7,31
10n_22,10_128,"10,7,10,8,7,7,7,10,9,10,10,10,9,8,8,10,9",10,7,31
10n_23,10_146,"10,7,10,7,10,7,7,7,8,10,10,7,10,10,9,10,9",10,7,31
10n_24,10_147,"10,7,10,10,7,7,7,7,10,10,7,9,10,9,8,9,10",10,7,31
10n_25,10_141,"10,7,10,7,7,7,7,7,8,10,10,9,10,10,9,10,9",10,7,31
10n_26,10_143,"10,7,10,7,7,7,7,7,8,10,9,9,9,10,10,10,9",10,7,31
10n_27,10_139,"10,7,10,7,7,7,9,7,10,9,9,9,9,10,10,7,8",10,7,31
10n_28,10_144,"10,7,10,8,7,7,7,10,9,10,9,9,9,10,10,7,8",10,7,31
10n_29,10_140,"10,7,10,10,7,7,7,7,10,7,9,9,7,10,10,9,10",10,7,31
10n_30,10_142,"10,7,10,7,10,7,7,7,9,9,10,7,7,10,9,9,10",10,7,31
10n_3,10_136,"10,7,10,8,7,7,7,10,9,10,7,10,9,7,10,10,9",10,7,31
10n_31,10_161,"10,7,10,8,7,7,7,9,10,9,10,7,9,10,8,9,10",10,7,31
10n_32,10_156,"10,7,10,7,10,7,7,7,9,10,10,7,10,10,9,10,8",10,7,31
10n_33,10_160,"10,7,10,7,10,7,7,7,9,9,10,9,9,10,8,10,8",10,7,31
10n_34,10_159,"10,7,10,7,7,7,7,7,9,10,10,7,10,10,9,10,9",10,7,31
10n_35,10_163,"10,7,8,8,10,7,7,10,9,10,10,7,10,10,8,10,9",10,7,31
10n_37,10_165,"10,7,10,10,7,7,7,7,10,10,7,7,10,9,10,9,10",10,7,31
10n_38,10_164,"10,7,7,7,10,7,7,8,10,9,10,10,9,10,9,10,8",10,7,31
10n_39,10_155,"10,7,10,7,7,7,7,7,8,9,10,9,9,10,9,10,9",10,7,31
10n_40,10_162,"10,7,10,8,10,7,7,7,9,7,9,9,9,10,10,10,8",10,7,31
10n_4,10_133,"10,7,10,7,10,7,7,7,8,10,10,7,10,9,9,9,10",10,7,31
10n_41,10_158,"10,7,10,8,7,7,7,10,9,9,7,9,10,10,8,9,10",10,7,31
10n_42,10_157,"10,7,8,8,10,7,7,10,7,10,10,7,10,10,9,10,9",10,7,31
10n_5,10_135,"10,7,10,7,10,7,7,7,8,10,9,9,9,10,10,10,8",10,7,31
10n_6,10_134,"10,7,10,7,10,7,7,7,8,10,7,9,9,10,10,10,9",10,7,31
10n_8,10_151,"10,7,10,7,7,7,7,10,9,10,9,9,9,10,10,7,8",10,7,31
10n_9,10_150,"10,7,10,7,10,7,7,7,8,9,10,9,9,10,8,10,9",10,7,31
10a_111,10_26,"10,7,10,7,10,7,7,7,9,8,10,9,10,10,9,9,10",11,7,31
10a_116,10_11,"10,7,10,8,9,7,7,7,10,9,9,9,10,8,10,9,10",11,7,31
10a_117,10_3,"10,7,10,8,10,8,7,7,9,9,10,9,10,8,9,10,9",11,7,31
10a_69,10_31,"10,7,10,7,7,7,9,7,9,8,10,9,10,10,9,9,10",11,7,31
10a_73,10_76,"8,7,8,10,9,7,7,9,10,9,9,9,7,9,10,9,10",11,7,31
10a_74,10_20,"10,7,10,9,8,8,7,7,9,9,10,9,10,10,9,10,8",11,7,31
10a_122,10_64,"10,7,10,7,7,7,9,7,9,9,10,9,10,9,9,9,10",12,7,31
10a_98,10_111,"10,7,10,8,7,7,7,10,9,10,9,9,10,10,10,10,9",12,7,31
9a_10,9_15,"10,7,7,10,7,10,8,10,7,9,10,7,10,7,9,10",9,7,32
9a_12,9_27,"10,7,7,10,7,10,8,10,9,7,8,9,10,7,9,10",9,7,32
9a_13,9_31,"10,7,7,7,7,10,9,10,7,7,10,9,10,7,9,10",9,7,32
9a_14,9_17,"10,7,7,7,7,10,9,7,9,7,10,9,10,7,9,10",9,7,32
9a_15,9_26,"10,7,7,10,7,10,8,10,7,7,8,9,10,9,9,10",9,7,32
9a_16,9_23,"10,7,7,10,7,10,8,10,9,7,10,9,10,7,7,10",9,7,32
9a_17,9_14,"10,7,7,7,7,10,8,10,7,9,10,9,10,7,9,10",9,7,32
9a_18,9_37,"10,7,9,10,7,10,9,10,7,7,10,7,10,7,7,10",9,7,32
9a_1,9_30,"10,7,7,10,7,10,9,10,7,7,10,9,10,7,7,10",9,7,32
9a_19,9_20,"10,7,7,7,7,10,8,10,9,7,10,9,10,7,9,10",9,7,32
9a_20,9_11,"10,7,7,10,7,10,8,10,7,7,10,9,7,9,9,10",9,7,32
9a_21,9_21,"10,7,7,7,7,10,9,10,7,9,10,7,10,7,9,10",9,7,32
9a_23,9_6,"10,7,7,7,9,10,8,10,7,9,10,7,10,7,9,10",9,7,32
9a_24,9_18,"10,7,7,10,7,10,8,10,7,7,10,7,10,9,9,10",9,7,32
9a_26,9_7,"10,7,7,10,9,10,8,10,7,9,10,7,10,7,7,10",9,7,32
9a_27,9_2,"10,7,7,10,7,10,8,7,7,9,10,9,7,9,9,10",9,7,32
9a_33,9_9,"10,7,7,7,7,10,8,10,7,9,10,7,10,9,9,10",9,7,32
9a_34,9_13,"10,7,7,10,7,7,7,10,9,7,8,9,10,9,9,10",9,7,32
9a_36,9_5,"10,7,7,7,7,10,8,10,9,7,10,9,7,9,9,10",9,7,32
9a_38,9_3,"10,7,9,7,9,10,8,10,7,9,10,7,10,7,7,10",9,7,32
9a_3,9_19,"10,7,7,10,7,10,8,10,7,9,10,9,10,7,7,10",9,7,32
9a_39,9_10,"10,9,9,10,7,7,7,10,7,7,8,7,10,9,9,10",9,7,32
9a_41,9_1,"10,7,7,7,7,10,8,7,9,9,10,9,7,9,9,10",9,7,32
9a_4,9_25,"10,7,7,10,7,10,9,10,7,7,10,7,10,7,9,10",9,7,32
9a_5,9_28,"10,7,7,10,7,10,9,7,7,7,10,9,10,7,9,10",9,7,32
9a_7,9_24,"10,7,7,10,9,10,9,10,7,7,10,7,10,7,7,10",9,7,32
9a_8,9_8,"10,7,7,10,7,10,8,7,7,9,10,9,10,7,9,10",9,7,32
9n_1,9_44,"10,7,7,10,7,10,9,9,10,7,10,7,9,10,7,8",9,7,32
9n_2,9_45,"10,7,7,10,7,10,9,9,7,7,10,7,9,10,10,8",9,7,32
9n_3,9_43,"10,7,7,10,7,8,10,10,7,10,9,9,10,7,7,10",9,7,32
9n_4,9_42,"10,7,7,10,7,8,10,10,7,10,9,7,10,7,9,10",9,7,32
9n_5,9_46,"10,7,9,10,7,8,10,10,7,10,9,7,10,7,7,10",9,7,32
9n_6,9_48,"10,7,9,10,7,10,9,9,7,7,10,7,9,10,7,8",9,7,32
10a_10,10_71,"10,7,7,10,9,10,9,10,7,7,10,7,10,7,9,10",10,7,32
10a_108,10_19,"10,7,7,7,7,10,8,10,7,9,10,9,10,9,9,10",10,7,32
10a_111,10_26,"10,7,7,7,7,10,9,10,7,9,10,7,10,9,9,10",10,7,32
10a_112,10_22,"10,7,9,7,9,10,9,10,7,9,10,7,10,7,7,10",10,7,32
10a_113,10_4,"10,7,7,7,7,10,8,7,9,9,10,9,10,9,9,10",10,7,32
10a_114,10_8,"10,7,7,7,7,10,8,10,9,9,10,9,7,9,9,10",10,7,32
10a_13,10_49,"10,7,7,10,7,10,9,10,7,7,10,9,7,9,9,10",10,7,32
10a_16,10_51,"10,7,7,10,7,10,9,10,7,7,10,7,10,9,9,10",10,7,32
10a_17,10_78,"10,7,7,10,7,10,9,7,9,7,10,9,10,7,9,10",10,7,32
10a_19,10_34,"10,7,7,10,7,10,8,7,9,9,10,9,10,7,9,10",10,7,32
10a_23,10_35,"10,7,7,10,9,10,8,10,7,9,10,7,10,7,9,10",10,7,32
10a_26,10_39,"10,7,9,10,7,10,8,10,7,9,10,7,10,7,9,10",10,7,32
10a_27,10_75,"10,7,9,10,7,10,9,7,7,7,10,9,10,7,9,10",10,7,32
10a_29,10_38,"10,7,7,10,7,10,8,10,9,9,10,9,10,7,7,10",10,7,32
10a_3,10_73,"10,7,7,10,9,10,9,10,7,7,10,9,10,7,7,10",10,7,32
10a_32,10_44,"10,7,7,7,7,10,9,10,9,7,10,9,10,7,9,10",10,7,32
10a_34,10_30,"10,7,7,10,7,10,8,10,9,7,8,9,10,9,9,10",10,7,32
10a_35,10_41,"10,7,7,10,7,10,8,10,9,7,10,9,10,7,9,10",10,7,32
10a_38,10_69,"10,7,9,10,7,10,9,10,7,7,10,9,10,7,7,10",10,7,32
10a_40,10_66,"10,7,9,10,7,10,9,10,7,7,10,7,7,9,9,10",10,7,32
10a_42,10_65,"10,7,9,10,7,10,9,10,7,9,10,7,10,7,7,10",10,7,32
10a_44,10_28,"10,7,7,7,7,10,9,7,9,7,10,9,10,9,9,10",10,7,32
10a_5,10_36,"10,7,7,10,9,10,8,10,7,9,10,9,10,7,7,10",10,7,32
10a_53,10_29,"10,7,7,7,9,10,9,10,7,9,10,7,10,7,9,10",10,7,32
10a_55,10_32,"10,7,7,10,7,10,8,10,7,7,10,9,10,9,9,10",10,7,32
10a_56,10_5,"10,7,9,7,9,10,8,10,7,9,10,9,10,7,7,10",10,7,32
10a_59,10_2,"10,7,7,7,9,10,8,7,9,9,10,9,10,7,9,10",10,7,32
10a_60,10_21,"10,7,9,10,9,10,8,10,7,9,10,7,10,7,7,10",10,7,32
10a_6,10_57,"10,7,7,10,7,10,9,10,9,7,10,9,10,7,7,10",10,7,32
10a_61,10_25,"10,7,7,7,9,10,9,10,7,7,10,7,10,9,9,10",10,7,32
10a_64,10_10,"10,7,7,7,7,10,9,10,9,7,10,9,7,9,9,10",10,7,32
10a_68,10_15,"10,7,7,10,7,10,8,10,7,9,10,9,7,9,9,10",10,7,32
10a_71,10_24,"10,7,7,10,7,10,8,10,7,9,10,7,10,9,9,10",10,7,32
10a_75,10_1,"10,7,7,10,7,10,8,7,9,9,10,9,7,9,9,10",10,7,32
10n_15,10_125,"10,7,7,10,7,10,9,9,10,7,10,10,7,10,10,8",10,7,32
10n_16,10_127,"10,7,7,10,7,8,10,9,10,10,9,10,7,10,10,8",10,7,32
10n_17,10_126,"10,7,7,10,7,8,10,10,7,10,9,9,7,9,9,10",10,7,32
10n_18,10_129,"10,7,7,10,7,8,10,9,7,10,9,7,9,10,10,9",10,7,32
10n_19,10_131,"10,7,7,10,7,10,9,9,7,7,10,7,9,10,10,9",10,7,32
10n_22,10_128,"10,7,7,10,7,8,10,10,7,10,9,7,10,9,9,10",10,7,32
10n_23,10_146,"10,7,9,10,7,10,9,9,10,7,10,7,9,10,7,8",10,7,32
10n_24,10_147,"10,7,9,10,7,8,10,10,7,10,9,9,10,7,7,10",10,7,32
10n_25,10_141,"10,7,9,10,7,10,9,7,7,7,10,7,9,10,10,9",10,7,32
10n_26,10_143,"10,7,9,10,7,10,9,7,7,9,10,7,9,10,10,8",10,7,32
10n_28,10_144,"10,7,9,10,7,10,9,9,7,9,10,7,9,10,7,8",10,7,32
10n_29,10_140,"10,7,9,10,7,9,10,10,7,10,9,7,10,7,7,10",10,7,32
10n_30,10_142,"10,7,9,10,7,9,10,9,7,10,9,7,9,10,7,8",10,7,32
10n_4,10_133,"10,7,7,10,7,10,9,9,10,7,10,10,9,10,7,8",10,7,32
10n_5,10_135,"10,7,7,10,7,8,10,9,10,10,9,10,9,10,7,8",10,7,32
10n_6,10_134,"10,7,7,10,7,8,10,10,9,10,9,9,10,7,7,10",10,7,32
9a_22,9_12,"10,7,7,7,7,10,9,10,10,7,10,10,7,10,10,9",10,7,32
9a_2,9_22,"10,7,7,10,9,8,10,10,7,10,9,9,10,7,7,10",10,7,32
9a_35,9_4,"10,7,7,7,7,10,8,10,10,9,10,10,7,10,10,9",10,7,32
9a_9,9_36,"10,7,7,10,9,8,10,10,7,10,9,7,10,7,9,10",10,7,32
10a_107,10_17,"10,7,7,7,7,10,8,10,9,9,10,9,9,10,10,9",11,7,32
10a_109,10_33,"10,7,7,7,7,10,9,10,9,9,10,9,9,10,10,8",11,7,32
10a_110,10_9,"10,7,7,7,7,10,8,10,10,9,10,10,9,10,10,9",11,7,32
10a_115,10_16,"10,7,7,7,9,9,10,10,7,10,9,7,10,9,9,10",11,7,32
10a_116,10_11,"10,9,9,10,10,9,8,9,7,10,9,7,9,10,7,8",11,7,32
10a_117,10_3,"10,7,7,7,9,10,8,10,10,9,10,10,7,10,10,9",11,7,32
10a_122,10_64,"10,7,9,10,10,9,10,9,7,10,9,7,9,10,7,8",11,7,32
10a_14,10_53,"10,7,7,10,7,10,9,10,9,7,10,9,9,10,10,8",11,7,32
10a_15,10_47,"10,7,7,10,7,10,9,10,7,7,10,9,9,10,10,9",11,7,32
10a_18,10_77,"10,7,7,10,7,10,9,10,10,7,10,7,9,10,10,9",11,7,32
10a_28,10_56,"10,7,7,10,9,8,10,10,9,10,9,9,10,7,7,10",11,7,32
10a_33,10_14,"10,7,9,7,9,9,10,10,7,10,9,9,10,7,7,10",11,7,32
10a_37,10_67,"10,7,9,10,10,8,10,9,7,10,9,7,9,10,10,8",11,7,32
10a_41,10_62,"10,7,9,10,9,9,10,10,7,10,9,7,10,7,7,10",11,7,32
10a_43,10_12,"10,7,7,7,9,10,8,9,10,9,10,10,9,10,10,8",11,7,32
10a_49,10_37,"10,7,7,10,9,10,8,9,10,9,10,10,9,10,7,8",11,7,32
10a_51,10_63,"10,7,9,10,7,10,9,10,7,7,10,9,9,10,10,8",11,7,32
10a_52,10_43,"10,7,9,10,7,10,8,9,10,9,10,7,9,10,10,8",11,7,32
10a_54,10_13,"10,7,9,7,9,9,10,10,7,10,9,7,10,7,9,10",11,7,32
10a_57,10_23,"10,7,9,10,10,9,8,9,10,10,9,7,9,10,7,8",11,7,32
10a_58,10_27,"10,7,9,10,10,8,8,9,10,10,9,7,9,10,10,8",11,7,32
10a_63,10_18,"10,7,7,10,7,10,8,10,9,7,10,9,9,10,10,9",11,7,32
10a_65,10_7,"10,7,7,7,7,9,10,10,9,10,9,9,10,7,9,10",11,7,32
10a_69,10_31,"10,7,7,10,7,10,8,10,10,7,10,10,9,10,10,9",11,7,32
10a_70,10_6,"10,7,7,10,7,10,8,10,7,9,10,9,9,10,10,9",11,7,32
10a_74,10_20,"10,7,7,10,7,10,8,10,10,9,10,7,9,10,10,9",11,7,32
10a_79,10_48,"10,7,7,10,9,8,10,10,7,10,9,9,7,9,9,10",11,7,32
10a_82,10_50,"10,7,7,10,9,8,10,10,7,10,9,7,10,9,9,10",11,7,32
10a_9,10_55,"10,7,7,10,9,10,9,9,10,7,10,10,9,10,7,8",11,7,32
10n_13,10_132,"10,7,7,10,9,8,10,9,10,10,9,10,9,10,7,8",11,7,32
10n_14,10_145,"10,7,9,10,10,10,9,9,7,7,10,7,9,10,10,8",11,7,32
10n_20,10_130,"10,7,7,10,7,8,10,10,9,10,9,9,9,10,10,8",11,7,32
10n_21,10_124,"10,7,7,10,7,8,10,10,7,10,9,9,9,10,10,9",11,7,32
10n_27,10_139,"10,7,9,10,10,10,9,9,7,9,10,7,9,10,7,8",11,7,32
11a_100,11a_100,"10,7,9,10,7,10,9,10,7,7,10,9,10,7,9,10",11,7,32
11a_105,11a_105,"10,7,9,10,7,10,9,10,7,9,10,7,10,7,9,10",11,7,32
11a_107,11a_107,"10,7,9,10,7,10,9,7,7,7,10,9,10,9,9,10",11,7,32
11a_111,11a_111,"10,7,9,10,7,10,8,10,7,9,10,9,10,7,9,10",11,7,32
11a_128,11a_128,"10,7,9,10,7,10,9,10,9,7,10,9,10,7,7,10",11,7,32
11a_139,11a_139,"10,7,9,10,9,10,9,10,7,9,10,7,10,7,7,10",11,7,32
11a_140,11a_140,"10,7,7,7,9,10,9,7,9,7,10,9,10,9,9,10",11,7,32
11a_145,11a_145,"10,7,9,7,9,10,9,10,7,9,10,7,10,7,9,10",11,7,32
11a_174,11a_174,"10,7,9,10,9,10,8,10,7,9,10,9,10,7,7,10",11,7,32
11a_179,11a_179,"10,7,9,10,7,10,8,7,9,9,10,9,10,7,9,10",11,7,32
11a_185,11a_185,"10,7,7,7,7,10,9,10,9,9,10,9,10,7,9,10",11,7,32
11a_188,11a_188,"10,7,9,10,7,10,8,10,7,9,10,9,7,9,9,10",11,7,32
11a_192,11a_192,"10,7,7,10,7,10,8,10,9,7,10,9,10,9,9,10",11,7,32
11a_195,11a_195,"10,7,9,7,9,10,8,10,7,9,10,9,10,7,9,10",11,7,32
11a_202,11a_202,"10,7,9,10,7,10,9,10,7,7,10,7,10,9,9,10",11,7,32
11a_203,11a_203,"10,7,7,7,9,10,8,10,9,9,10,9,10,7,9,10",11,7,32
11a_205,11a_205,"10,7,7,10,7,10,8,10,7,9,10,9,10,9,9,10",11,7,32
11a_206,11a_206,"10,7,9,7,9,10,8,10,9,9,10,9,10,7,7,10",11,7,32
11a_225,11a_225,"10,7,7,10,9,10,8,10,7,9,10,9,7,9,9,10",11,7,32
11a_234,11a_234,"10,9,9,7,9,10,8,10,7,9,10,7,10,7,9,10",11,7,32
11a_243,11a_243,"10,7,7,10,9,10,8,10,7,9,10,7,10,9,9,10",11,7,32
11a_247,11a_247,"10,7,7,10,9,10,8,7,9,9,10,9,7,9,9,10",11,7,32
11a_306,11a_306,"10,7,7,7,7,10,9,10,7,9,10,9,10,9,9,10",11,7,32
11a_308,11a_308,"10,7,7,7,7,10,8,10,9,9,10,9,10,9,9,10",11,7,32
11a_31,11a_31,"10,7,7,10,7,10,9,10,9,7,10,9,10,7,9,10",11,7,32
11a_337,11a_337,"10,7,7,7,9,10,9,10,7,9,10,7,10,9,9,10",11,7,32
11a_341,11a_341,"10,9,9,10,9,10,8,10,7,9,10,7,10,7,7,10",11,7,32
11a_34,11a_34,"10,7,7,10,7,10,9,10,7,7,10,9,10,9,9,10",11,7,32
11a_343,11a_343,"10,7,7,7,9,10,8,7,9,9,10,9,10,9,9,10",11,7,32
11a_355,11a_355,"10,7,9,7,9,10,8,10,7,9,10,7,10,9,9,10",11,7,32
11a_36,11a_36,"10,7,7,10,9,10,9,10,9,7,10,9,10,7,7,10",11,7,32
11a_363,11a_363,"10,7,7,7,9,10,8,10,9,9,10,9,7,9,9,10",11,7,32
11a_367,11a_367,"10,7,9,7,9,10,8,7,9,9,10,9,7,9,9,10",11,7,32
11a_40,11a_40,"10,7,7,10,9,10,9,10,7,7,10,9,7,9,9,10",11,7,32
11a_46,11a_46,"10,7,7,10,9,10,9,7,9,7,10,9,10,7,9,10",11,7,32
11a_56,11a_56,"10,7,7,10,9,10,9,10,7,7,10,7,10,9,9,10",11,7,32
11a_59,11a_59,"10,7,7,10,9,10,8,7,9,9,10,9,10,7,9,10",11,7,32
11a_78,11a_78,"10,7,9,10,9,10,9,10,7,7,10,7,10,7,9,10",11,7,32
11a_87,11a_87,"10,7,9,10,7,10,9,10,7,9,10,9,10,7,7,10",11,7,32
11a_90,11a_90,"10,7,9,7,9,10,9,10,7,9,10,9,10,7,7,10",11,7,32
11a_93,11a_93,"10,7,7,10,7,10,8,10,9,9,10,9,10,7,9,10",11,7,32
11a_95,11a_95,"10,7,7,10,9,10,8,10,9,9,10,9,10,7,7,10",11,7,32
11n_100,11n_100,"10,7,9,10,7,8,10,10,9,10,9,9,10,7,7,10",11,7,32
11n_101,11n_101,"10,7,9,10,7,10,9,9,10,7,10,10,9,10,7,8",11,7,32
11n_122,11n_122,"10,7,9,10,7,8,10,10,7,10,9,7,10,9,9,10",11,7,32
11n_137,11n_137,"10,7,9,10,7,10,9,9,7,7,10,7,9,10,10,9",11,7,32
11n_48,11n_48,"10,7,9,10,7,9,10,9,7,10,9,7,9,10,10,8",11,7,32
11n_51,11n_51,"10,7,7,10,7,10,9,9,10,7,10,10,9,10,10,8",11,7,32
11n_52,11n_52,"10,7,7,10,7,8,10,9,10,10,9,10,9,10,10,8",11,7,32
11n_53,11n_53,"10,7,7,10,7,8,10,10,9,10,9,9,10,7,9,10",11,7,32
11n_58,11n_58,"10,7,7,10,7,10,9,9,10,7,10,7,9,10,10,9",11,7,32
11n_59,11n_59,"10,7,7,10,7,8,10,9,10,10,9,7,9,10,10,9",11,7,32
11n_60,11n_60,"10,7,7,10,7,8,10,10,7,10,9,9,10,9,9,10",11,7,32
11n_82,11n_82,"10,7,9,10,7,9,10,10,7,10,9,7,10,7,9,10",11,7,32
11n_83,11n_83,"10,7,9,10,7,10,9,9,10,9,10,7,9,10,7,8",11,7,32
11n_85,11n_85,"10,7,9,10,7,8,10,10,7,10,9,9,10,7,9,10",11,7,32
11n_87,11n_87,"10,7,9,10,7,10,9,9,10,7,10,7,9,10,10,8",11,7,32
11n_89,11n_89,"10,7,9,10,7,10,9,9,7,9,10,7,9,10,10,8",11,7,32
11n_90,11n_90,"10,7,9,10,7,9,10,9,10,10,9,7,9,10,7,8",11,7,32
11n_91,11n_91,"10,7,9,10,7,9,10,10,7,10,9,9,10,7,7,10",11,7,32
9a_25,9_16,"10,7,7,10,7,8,10,10,10,10,9,7,9,10,10,9",11,7,32
10a_22,10_70,"10,7,9,10,10,10,10,9,7,9,10,7,9,10,10,8",12,7,32
10a_4,10_72,"10,7,7,10,9,8,10,10,10,10,9,10,9,10,10,8",12,7,32
10a_62,10_74,"10,7,9,10,10,10,9,7,10,7,10,10,9,10,10,8",12,7,32
10a_73,10_76,"10,7,7,10,9,8,10,10,10,10,9,7,9,10,10,9",12,7,32
10a_80,10_52,"10,7,7,10,7,8,10,10,10,10,9,10,9,10,10,9",12,7,32
10a_81,10_46,"10,7,7,10,9,8,10,10,7,10,9,9,9,10,10,9",12,7,32
11a_106,11a_106,"10,7,9,10,7,10,9,10,10,7,10,10,7,10,10,9",12,7,32
11a_109,11a_109,"10,7,9,10,10,8,10,9,10,10,9,7,9,10,10,8",12,7,32
11a_110,11a_110,"10,7,9,10,7,10,8,9,10,9,10,10,9,10,10,8",12,7,32
11a_11,11a_11,"10,7,7,10,9,10,9,10,10,7,10,10,9,10,10,8",12,7,32
11a_119,11a_119,"10,7,7,10,7,10,8,10,9,9,10,9,10,10,10,9",12,7,32
11a_13,11a_13,"10,7,7,10,9,10,8,10,10,9,10,10,9,10,10,8",12,7,32
11a_133,11a_133,"10,7,9,10,9,9,10,10,7,10,9,7,10,7,9,10",12,7,32
11a_134,11a_134,"10,7,9,10,9,10,9,9,10,7,10,7,9,10,10,8",12,7,32
11a_143,11a_143,"10,7,9,10,10,9,10,9,7,10,9,7,9,10,10,8",12,7,32
11a_144,11a_144,"10,9,9,10,10,9,8,9,7,10,9,7,9,10,10,8",12,7,32
11a_16,11a_16,"10,7,7,10,7,10,9,10,9,7,10,9,10,10,10,9",12,7,32
11a_166,11a_166,"10,7,9,10,7,10,8,10,10,9,10,10,7,10,10,9",12,7,32
11a_180,11a_180,"10,7,7,7,9,10,9,10,10,7,10,10,9,10,10,9",12,7,32
11a_181,11a_181,"10,7,9,10,10,8,10,7,10,10,9,10,9,10,10,8",12,7,32
11a_184,11a_184,"10,7,7,7,9,10,9,10,9,7,10,9,9,10,10,9",12,7,32
11a_191,11a_191,"10,7,9,7,9,9,10,10,9,10,9,9,10,7,7,10",12,7,32
11a_193,11a_193,"10,7,9,10,10,9,8,9,10,10,9,7,9,10,10,8",12,7,32
11a_201,11a_201,"10,7,9,10,10,8,10,9,10,10,9,10,7,10,10,8",12,7,32
11a_204,11a_204,"10,7,9,10,10,8,8,9,10,10,9,10,9,10,10,8",12,7,32
11a_207,11a_207,"10,7,9,10,10,9,8,9,10,10,9,10,9,10,7,8",12,7,32
11a_210,11a_210,"10,7,7,10,7,10,8,10,9,9,10,9,9,10,10,9",12,7,32
11a_214,11a_214,"10,7,9,10,7,10,9,10,7,7,10,9,9,10,10,9",12,7,32
11a_220,11a_220,"10,7,7,10,9,10,8,9,10,9,10,7,9,10,10,9",12,7,32
11a_226,11a_226,"10,7,7,10,7,10,8,10,10,9,10,10,9,10,10,9",12,7,32
11a_230,11a_230,"10,7,9,10,7,10,8,9,10,9,10,10,7,10,10,9",12,7,32
11a_242,11a_242,"10,7,7,10,9,10,8,10,7,9,10,9,9,10,10,9",12,7,32
11a_246,11a_246,"10,7,7,10,9,10,8,10,10,9,10,7,9,10,10,9",12,7,32
11a_257,11a_257,"10,7,7,10,9,8,10,10,7,10,9,9,10,9,9,10",12,7,32
11a_307,11a_307,"10,7,7,7,7,10,9,10,9,9,10,9,9,10,10,9",12,7,32
11a_309,11a_309,"10,7,7,7,7,10,9,10,10,9,10,10,9,10,10,9",12,7,32
11a_310,11a_310,"10,7,9,7,9,9,10,10,7,10,9,9,7,9,9,10",12,7,32
11a_33,11a_33,"10,7,7,10,9,10,9,9,10,7,10,10,9,10,10,8",12,7,32
11a_335,11a_335,"10,7,9,7,9,9,10,10,7,10,9,7,10,9,9,10",12,7,32
11a_336,11a_336,"10,7,7,7,7,9,10,10,9,10,9,9,10,9,9,10",12,7,32
11a_342,11a_342,"10,7,9,7,9,10,8,10,10,9,10,10,7,10,10,9",12,7,32
11a_356,11a_356,"10,7,9,10,10,9,8,9,7,10,9,7,9,10,10,9",12,7,32
11a_358,11a_358,"10,7,9,7,9,10,8,10,7,9,10,9,9,10,10,9",12,7,32
11a_360,11a_360,"10,7,9,10,10,8,8,9,10,10,9,10,7,10,10,9",12,7,32
11a_364,11a_364,"10,7,9,10,10,9,8,7,10,10,9,10,7,10,10,9",12,7,32
11a_37,11a_37,"10,7,7,10,7,10,9,10,9,7,10,9,9,10,10,9",12,7,32
11a_39,11a_39,"10,7,7,10,9,10,9,9,10,7,10,7,9,10,10,9",12,7,32
11a_41,11a_41,"10,7,7,10,7,10,9,10,10,7,10,10,9,10,10,9",12,7,32
11a_42,11a_42,"10,7,9,10,9,9,9,10,7,10,9,7,10,7,9,10",12,7,32
11a_55,11a_55,"10,7,7,10,9,10,9,10,7,7,10,9,9,10,10,9",12,7,32
11a_58,11a_58,"10,7,7,10,9,10,9,10,10,7,10,7,9,10,10,9",12,7,32
11a_65,11a_65,"10,9,9,7,9,9,9,10,7,10,9,7,10,7,9,10",12,7,32
11a_75,11a_75,"10,7,7,10,9,10,8,9,10,9,10,10,9,10,10,8",12,7,32
11a_86,11a_86,"10,7,9,10,9,9,10,10,7,10,9,9,10,7,7,10",12,7,32
11a_88,11a_88,"10,7,9,10,10,9,10,9,10,10,9,7,9,10,7,8",12,7,32
11a_92,11a_92,"10,7,7,10,9,8,10,10,9,10,9,9,10,7,9,10",12,7,32
11a_98,11a_98,"10,9,9,10,10,9,8,9,10,10,9,7,9,10,7,8",12,7,32
11n_105,11n_105,"10,7,9,10,10,10,9,10,7,7,10,9,10,7,9,10",12,7,32
11n_106,11n_106,"10,7,9,10,10,8,10,10,7,10,9,9,10,7,9,10",12,7,32
11n_107,11n_107,"10,7,9,10,10,10,9,9,10,7,10,7,9,10,10,8",12,7,32
11n_139,11n_139,"10,7,9,10,10,8,10,10,7,10,9,9,7,9,9,10",12,7,32
11n_140,11n_140,"10,7,9,10,10,10,9,10,7,7,10,9,7,9,9,10",12,7,32
11n_141,11n_141,"10,7,9,10,10,10,9,9,10,7,10,10,7,10,10,8",12,7,32
11n_28,11n_28,"10,7,7,10,7,10,9,9,10,7,10,10,9,9,9,10",12,7,32
11n_29,11n_29,"10,7,7,10,7,8,10,9,10,10,9,10,9,9,9,10",12,7,32
11n_30,11n_30,"10,7,7,10,7,8,10,10,9,10,9,9,10,10,10,9",12,7,32
11n_49,11n_49,"10,7,9,10,10,10,9,9,7,9,10,7,9,10,10,8",12,7,32
11n_57,11n_57,"10,7,7,10,9,8,10,9,10,10,9,10,9,10,10,8",12,7,32
11n_62,11n_62,"10,7,7,10,7,10,9,9,10,7,10,10,10,9,9,10",12,7,32
11n_63,11n_63,"10,7,7,10,7,8,10,9,10,10,9,10,10,9,9,10",12,7,32
11n_64,11n_64,"10,7,7,10,7,8,10,10,9,10,9,9,9,10,10,9",12,7,32
11n_70,11n_70,"10,7,7,10,9,8,10,9,10,10,9,7,9,10,10,9",12,7,32
11n_88,11n_88,"10,7,9,10,10,10,9,9,10,9,10,7,9,10,7,8",12,7,32
12a_0086,12a_0086,"10,7,7,10,7,10,9,10,9,7,10,9,10,9,9,10",12,7,32
12a_0098,12a_0098,"10,7,7,10,9,10,9,10,9,7,10,9,10,7,9,10",12,7,32
12a_0142,12a_0142,"10,7,7,10,9,10,9,10,7,7,10,9,10,9,9,10",12,7,32
12a_0219,12a_0219,"10,7,9,10,9,10,9,10,7,9,10,9,10,7,7,10",12,7,32
12a_0255,12a_0255,"10,9,9,10,9,10,8,10,7,9,10,9,10,7,7,10",12,7,32
12a_0259,12a_0259,"10,7,7,10,9,10,8,10,9,9,10,9,10,7,9,10",12,7,32
12a_0275,12a_0275,"10,7,9,10,7,10,9,10,9,9,10,9,10,7,7,10",12,7,32
12a_0279,12a_0279,"10,7,9,10,9,10,9,10,7,9,10,7,10,7,9,10",12,7,32
12a_0281,12a_0281,"10,7,9,10,9,10,9,10,7,7,10,9,10,7,9,10",12,7,32
12a_0367,12a_0367,"10,7,9,10,7,10,9,10,7,9,10,9,7,9,9,10",12,7,32
12a_0372,12a_0372,"10,7,9,10,7,10,9,10,7,9,10,7,10,9,9,10",12,7,32
12a_0373,12a_0373,"10,7,9,10,7,10,9,7,9,7,10,9,10,9,9,10",12,7,32
12a_0378,12a_0378,"10,7,9,10,9,10,8,10,7,9,10,9,10,7,9,10",12,7,32
12a_0380,12a_0380,"10,7,9,10,7,10,8,7,9,9,10,9,10,9,9,10",12,7,32
12a_0454,12a_0454,"10,9,9,10,9,10,8,10,7,9,10,7,10,7,9,10",12,7,32
12a_0503,12a_0503,"10,7,9,10,9,10,9,7,9,7,10,9,10,7,9,10",12,7,32
12a_0517,12a_0517,"10,7,9,10,7,10,8,10,9,9,10,9,10,7,9,10",12,7,32
12a_0521,12a_0521,"10,7,9,10,9,10,8,10,9,9,10,9,10,7,7,10",12,7,32
12a_0525,12a_0525,"10,7,9,10,9,10,9,10,7,7,10,9,7,9,9,10",12,7,32
12a_0532,12a_0532,"10,7,9,7,9,10,9,10,9,9,10,9,10,7,7,10",12,7,32
12a_0541,12a_0541,"10,7,7,7,9,10,9,10,9,7,10,9,10,9,9,10",12,7,32
12a_0570,12a_0570,"10,7,9,10,7,10,9,10,7,7,10,9,10,9,9,10",12,7,32
12a_0574,12a_0574,"10,7,9,10,7,10,9,10,9,7,10,9,7,9,9,10",12,7,32
12a_0596,12a_0596,"10,7,9,10,7,10,8,10,9,9,10,9,7,9,9,10",12,7,32
12a_0601,12a_0601,"10,7,7,10,7,10,8,10,9,9,10,9,10,9,9,10",12,7,32
12a_0722,12a_0722,"10,7,9,10,9,10,8,7,9,9,10,9,7,9,9,10",12,7,32
12a_0724,12a_0724,"10,7,9,10,9,10,8,10,7,9,10,7,10,9,9,10",12,7,32
12a_0744,12a_0744,"10,9,9,7,9,10,8,10,7,9,10,9,10,7,9,10",12,7,32
12a_0758,12a_0758,"10,7,7,10,9,10,8,10,7,9,10,9,10,9,9,10",12,7,32
12a_1024,12a_1024,"10,7,7,7,7,10,9,10,9,9,10,9,10,9,9,10",12,7,32
12a_1030,12a_1030,"10,7,9,7,9,10,9,10,7,9,10,9,7,9,9,10",12,7,32
12a_1131,12a_1131,"10,7,9,7,9,10,8,10,7,9,10,9,10,9,9,10",12,7,32
12a_1146,12a_1146,"10,7,9,7,9,10,9,10,7,9,10,7,10,9,9,10",12,7,32
12a_1149,12a_1149,"10,7,9,7,9,10,8,7,9,9,10,9,10,9,9,10",12,7,32
12a_1157,12a_1157,"10,9,9,7,9,10,8,10,7,9,10,9,7,9,9,10",12,7,32
12a_1278,12a_1278,"10,7,9,7,9,10,8,10,9,9,10,9,7,9,9,10",12,7,32
12n_0169,12n_0169,"10,7,7,10,7,8,10,10,9,10,9,9,10,9,9,10",12,7,32
12n_0170,12n_0170,"10,7,7,10,7,8,10,9,10,10,9,10,9,10,10,9",12,7,32
12n_0171,12n_0171,"10,7,7,10,7,10,9,9,10,7,10,10,9,10,10,9",12,7,32
12n_0341,12n_0341,"10,7,9,10,7,9,10,9,10,10,9,10,9,10,7,8",12,7,32
12n_0342,12n_0342,"10,7,9,10,7,9,10,10,9,10,9,9,10,7,7,10",12,7,32
12n_0343,12n_0343,"10,7,9,10,7,10,9,9,10,9,10,10,9,10,7,8",12,7,32
12n_0466,12n_0466,"10,7,9,10,7,9,10,9,10,10,9,10,7,10,10,8",12,7,32
12n_0467,12n_0467,"10,7,9,10,7,9,10,10,7,10,9,9,7,9,9,10",12,7,32
12n_0468,12n_0468,"10,7,9,10,7,10,9,9,10,9,10,10,7,10,10,8",12,7,32
12n_0477,12n_0477,"10,7,9,10,7,9,10,9,7,10,9,7,9,10,10,9",12,7,32
12n_0478,12n_0478,"10,7,9,10,7,9,10,10,7,10,9,7,10,9,9,10",12,7,32
12n_0479,12n_0479,"10,7,9,10,7,10,9,9,7,9,10,7,9,10,10,9",12,7,32
12n_0547,12n_0547,"10,7,9,10,7,10,9,9,10,7,10,7,9,10,10,9",12,7,32
12n_0566,12n_0566,"10,7,9,10,7,8,10,10,7,10,9,9,10,9,9,10",12,7,32
12n_0570,12n_0570,"10,7,9,10,7,8,10,10,9,10,9,9,7,9,9,10",12,7,32
12n_0571,12n_0571,"10,7,9,10,7,10,9,9,10,7,10,10,7,10,10,9",12,7,32
9a_40,9_35,"10,7,9,10,10,10,9,7,10,7,10,10,10,7,9,10",12,7,32
10a_123,10_61,"10,7,9,10,10,10,9,7,10,7,10,10,10,9,9,10",13,7,32
10a_48,10_54,"10,7,9,10,10,10,10,10,9,9,10,9,10,7,7,10",13,7,32
10a_67,10_68,"10,7,9,10,10,10,9,9,9,7,10,9,10,7,9,10",13,7,32
11a_118,11a_118,"10,7,7,10,9,8,10,10,9,10,9,9,10,10,10,9",13,7,32
11a_154,11a_154,"10,7,7,10,9,10,8,9,10,9,10,10,9,9,9,10",13,7,32
11a_165,11a_165,"10,7,9,10,10,10,9,7,10,9,10,10,9,10,10,8",13,7,32
11a_187,11a_187,"10,7,9,10,10,8,10,9,9,10,9,9,10,7,9,10",13,7,32
11a_199,11a_199,"10,7,9,10,10,8,10,9,10,10,9,10,10,7,9,10",13,7,32
11a_21,11a_21,"10,7,7,10,9,10,9,9,10,7,10,10,9,9,9,10",13,7,32
11a_221,11a_221,"10,7,9,10,10,10,10,9,10,9,10,10,7,10,10,8",13,7,32
11a_222,11a_222,"10,7,7,10,9,8,10,10,10,10,9,10,9,10,10,9",13,7,32
11a_229,11a_229,"10,7,7,10,9,10,8,9,10,9,10,10,10,9,9,10",13,7,32
11a_23,11a_23,"10,7,9,10,9,9,9,9,10,10,9,10,9,10,7,8",13,7,32
11a_241,11a_241,"10,7,9,10,10,10,10,9,7,9,10,7,9,10,10,9",13,7,32
11a_258,11a_258,"10,7,7,10,9,8,10,10,9,10,9,9,9,10,10,9",13,7,32
11a_311,11a_311,"10,7,7,7,9,10,9,9,10,9,10,10,10,9,9,10",13,7,32
11a_333,11a_333,"10,7,7,7,9,9,10,10,9,10,9,9,9,10,10,9",13,7,32
11a_334,11a_334,"10,7,9,7,9,10,8,9,10,9,10,10,10,9,9,10",13,7,32
11a_339,11a_339,"10,7,9,10,10,10,9,7,10,9,10,10,7,10,10,9",13,7,32
11a_340,11a_340,"10,7,9,10,10,10,9,7,10,7,10,10,9,10,10,9",13,7,32
11a_359,11a_359,"10,7,9,10,10,9,8,9,10,10,9,7,10,9,9,10",13,7,32
11a_365,11a_365,"10,7,9,10,10,9,8,9,7,10,9,9,10,9,9,10",13,7,32
11a_45,11a_45,"10,7,7,10,9,10,9,9,10,7,10,10,10,9,9,10",13,7,32
11a_94,11a_94,"10,7,9,10,10,10,10,9,10,9,10,10,9,10,7,8",13,7,32
11n_138,11n_138,"10,7,9,10,10,10,9,9,10,7,10,10,10,7,9,10",13,7,32
11n_38,11n_38,"10,7,7,10,9,8,10,9,10,10,9,10,9,9,9,10",13,7,32
11n_79,11n_79,"10,7,7,10,9,8,10,9,10,10,9,10,10,9,9,10",13,7,32
12a_0081,12a_0081,"10,7,7,10,9,10,9,10,9,7,10,9,10,10,10,9",13,7,32
12a_0097,12a_0097,"10,7,7,10,9,10,9,9,10,7,10,10,9,10,10,9",13,7,32
12a_0104,12a_0104,"10,7,9,10,9,9,9,10,9,10,9,9,10,7,7,10",13,7,32
12a_0151,12a_0151,"10,7,7,10,9,10,9,10,9,7,10,9,9,10,10,9",13,7,32
12a_0158,12a_0158,"10,7,9,10,9,9,9,10,7,10,9,9,7,9,9,10",13,7,32
12a_0159,12a_0159,"10,7,7,10,9,10,9,10,10,7,10,10,9,10,10,9",13,7,32
12a_0161,12a_0161,"10,7,9,10,9,9,9,10,7,10,9,7,10,9,9,10",13,7,32
12a_0165,12a_0165,"10,7,9,10,9,10,9,7,9,7,10,9,10,10,10,9",13,7,32
12a_0169,12a_0169,"10,7,9,10,9,10,8,7,9,9,10,9,10,10,10,9",13,7,32
12a_0239,12a_0239,"10,9,9,7,9,9,9,10,9,10,9,9,10,7,7,10",13,7,32
12a_0274,12a_0274,"10,7,9,10,9,9,10,10,9,10,9,9,10,7,7,10",13,7,32
12a_0277,12a_0277,"10,7,9,10,9,10,9,9,10,9,10,10,9,10,7,8",13,7,32
12a_0330,12a_0330,"10,7,7,10,9,10,8,10,9,9,10,9,10,10,10,9",13,7,32
12a_0332,12a_0332,"10,7,9,10,7,10,9,10,9,7,10,9,10,10,10,9",13,7,32
12a_0368,12a_0368,"10,7,9,10,7,10,9,10,9,9,10,9,9,10,10,8",13,7,32
12a_0370,12a_0370,"10,7,9,10,9,9,10,10,7,10,9,7,10,9,9,10",13,7,32
12a_0371,12a_0371,"10,7,9,10,7,10,9,10,7,9,10,9,9,10,10,9",13,7,32
12a_0376,12a_0376,"10,7,9,10,10,8,10,7,10,10,9,10,9,10,10,9",13,7,32
12a_0379,12a_0379,"10,7,9,10,9,10,8,10,10,9,10,10,7,10,10,9",13,7,32
12a_0401,12a_0401,"10,7,9,10,9,10,9,9,10,7,10,10,9,10,10,8",13,7,32
12a_0442,12a_0442,"10,7,9,10,9,9,10,10,7,10,9,9,7,9,9,10",13,7,32
12a_0444,12a_0444,"10,7,9,10,9,10,9,10,10,7,10,10,7,10,10,9",13,7,32
12a_0505,12a_0505,"10,7,9,10,7,10,9,10,10,7,10,10,9,10,10,9",13,7,32
12a_0515,12a_0515,"10,7,9,10,9,10,9,10,10,7,10,10,9,10,10,8",13,7,32
12a_0520,12a_0520,"10,7,9,10,9,10,8,9,10,9,10,7,9,10,10,9",13,7,32
12a_0531,12a_0531,"10,7,9,10,10,9,10,9,10,10,9,10,9,10,7,8",13,7,32
12a_0549,12a_0549,"10,9,9,10,10,9,8,9,10,10,9,10,9,10,7,8",13,7,32
12a_0552,12a_0552,"10,7,9,7,9,9,10,10,9,10,9,9,10,7,9,10",13,7,32
12a_0562,12a_0562,"10,7,9,10,10,8,10,9,10,10,9,10,9,10,10,8",13,7,32
12a_0569,12a_0569,"10,7,9,10,7,10,9,10,9,7,10,9,9,10,10,9",13,7,32
12a_0580,12a_0580,"10,7,9,10,9,10,8,9,10,9,10,10,7,10,10,9",13,7,32
12a_0594,12a_0594,"10,7,9,10,10,8,10,9,10,10,9,10,7,10,10,9",13,7,32
12a_0644,12a_0644,"10,7,7,10,9,10,8,9,10,9,10,10,9,10,10,9",13,7,32
12a_0679,12a_0679,"10,7,9,10,9,10,9,9,10,7,10,10,7,10,10,9",13,7,32
12a_0716,12a_0716,"10,9,9,7,9,10,8,10,10,9,10,10,9,10,10,8",13,7,32
12a_0723,12a_0723,"10,7,9,10,9,10,8,10,10,9,10,7,9,10,10,9",13,7,32
12a_0733,12a_0733,"10,7,9,10,9,10,8,10,7,9,10,9,9,10,10,9",13,7,32
12a_0759,12a_0759,"10,7,9,7,9,10,8,10,9,9,10,9,10,10,10,9",13,7,32
12a_0773,12a_0773,"10,7,7,10,9,10,8,10,9,9,10,9,9,10,10,9",13,7,32
12a_0791,12a_0791,"10,9,9,7,9,9,9,10,7,10,9,9,7,9,9,10",13,7,32
12a_0792,12a_0792,"10,7,7,10,9,10,8,10,10,9,10,10,9,10,10,9",13,7,32
12a_0797,12a_0797,"10,9,9,7,9,9,9,10,7,10,9,7,10,9,9,10",13,7,32
12a_0803,12a_0803,"10,9,9,7,9,10,8,7,9,9,10,9,10,10,10,9",13,7,32
12a_0823,12a_0823,"10,7,7,10,9,8,10,10,9,10,9,9,10,9,9,10",13,7,32
12a_1023,12a_1023,"10,7,9,7,9,9,10,10,7,10,9,9,10,9,9,10",13,7,32
12a_1028,12a_1028,"10,7,9,10,10,9,10,9,10,10,9,10,7,10,10,8",13,7,32
12a_1029,12a_1029,"10,9,9,10,10,9,8,9,10,10,9,10,7,10,10,8",13,7,32
12a_1034,12a_1034,"10,7,7,7,9,10,9,10,10,9,10,10,9,10,10,9",13,7,32
12a_1039,12a_1039,"10,7,9,7,9,10,9,9,10,9,10,7,9,10,10,9",13,7,32
12a_1126,12a_1126,"10,7,7,7,9,10,9,10,9,9,10,9,9,10,10,9",13,7,32
12a_1128,12a_1128,"10,7,9,7,9,10,8,10,9,9,10,9,9,10,10,9",13,7,32
12a_1132,12a_1132,"10,7,9,10,10,9,8,9,10,10,9,7,9,10,10,9",13,7,32
12a_1134,12a_1134,"10,7,9,7,9,10,8,10,10,9,10,10,9,10,10,9",13,7,32
12a_1145,12a_1145,"10,7,9,7,9,10,8,9,10,9,10,10,9,10,10,9",13,7,32
12a_1148,12a_1148,"10,7,9,10,10,9,10,7,10,10,9,10,7,10,10,9",13,7,32
12a_1163,12a_1163,"10,9,9,10,10,9,8,9,7,10,9,7,9,10,10,9",13,7,32
12a_1166,12a_1166,"10,9,9,10,10,9,8,7,10,10,9,10,7,10,10,9",13,7,32
12a_1234,12a_1234,"10,7,9,10,10,9,10,9,7,10,9,7,9,10,10,9",13,7,32
12a_1276,12a_1276,"10,7,9,10,10,9,8,9,10,10,9,10,7,10,10,9",13,7,32
12a_1287,12a_1287,"10,9,9,7,9,10,8,9,10,9,10,10,7,10,10,9",13,7,32
12n_0200,12n_0200,"10,7,7,10,9,8,10,9,10,10,9,10,9,10,10,9",13,7,32
12n_0333,12n_0333,"10,7,9,10,7,10,9,9,10,7,10,10,9,9,9,10",13,7,32
12n_0334,12n_0334,"10,7,9,10,7,8,10,10,9,10,9,9,10,10,10,9",13,7,32
12n_0338,12n_0338,"10,7,9,10,10,10,9,9,10,9,10,10,9,10,7,8",13,7,32
12n_0339,12n_0339,"10,7,9,10,10,10,9,10,9,9,10,9,10,7,7,10",13,7,32
12n_0340,12n_0340,"10,7,9,10,9,9,10,9,10,10,9,10,9,10,7,8",13,7,32
12n_0347,12n_0347,"10,7,9,10,10,9,10,10,9,10,9,9,10,7,7,10",13,7,32
12n_0444,12n_0444,"10,7,9,10,10,8,10,10,9,10,9,9,10,7,9,10",13,7,32
12n_0469,12n_0469,"10,7,9,10,10,9,10,10,7,10,9,7,10,9,9,10",13,7,32
12n_0470,12n_0470,"10,7,9,10,7,9,10,10,9,10,9,9,9,10,10,8",13,7,32
12n_0471,12n_0471,"10,7,9,10,10,10,9,10,7,9,10,7,10,9,9,10",13,7,32
12n_0473,12n_0473,"10,7,9,10,10,10,9,9,7,9,10,7,9,10,10,9",13,7,32
12n_0474,12n_0474,"10,7,9,10,10,9,10,10,7,10,9,9,7,9,9,10",13,7,32
12n_0475,12n_0475,"10,7,9,10,7,9,10,10,7,10,9,9,9,10,10,9",13,7,32
12n_0476,12n_0476,"10,7,9,10,10,10,9,10,7,9,10,9,7,9,9,10",13,7,32
12n_0497,12n_0497,"10,7,9,10,10,10,9,10,9,7,10,9,10,7,9,10",13,7,32
12n_0522,12n_0522,"10,7,9,10,10,10,9,9,10,9,10,10,7,10,10,8",13,7,32
12n_0546,12n_0546,"10,7,9,10,7,10,9,9,10,7,10,10,10,9,9,10",13,7,32
12n_0564,12n_0564,"10,7,9,10,10,10,9,9,10,7,10,10,9,10,10,8",13,7,32
12n_0565,12n_0565,"10,7,9,10,7,8,10,10,9,10,9,9,9,10,10,9",13,7,32
12n_0581,12n_0581,"10,7,9,10,10,10,9,9,10,7,10,10,7,10,10,9",13,7,32
12n_0582,12n_0582,"10,7,9,10,10,8,10,10,9,10,9,9,7,9,9,10",13,7,32
12n_0583,12n_0583,"10,7,9,10,10,10,9,10,9,7,10,9,7,9,9,10",13,7,32
11a_12,11a_12,"10,7,9,10,10,10,10,9,9,9,10,9,10,7,9,10",14,7,32
11a_235,11a_235,"10,7,9,10,10,9,8,9,9,10,9,9,10,10,10,9",14,7,32
11a_240,11a_240,"10,7,9,10,10,10,10,9,10,9,10,7,10,9,9,10",14,7,32
11a_245,11a_245,"10,7,9,10,10,10,10,9,7,9,10,9,10,9,9,10",14,7,32
11a_259,11a_259,"10,7,9,10,10,10,10,10,7,9,10,9,10,9,9,10",14,7,32
11a_338,11a_338,"10,7,9,10,10,10,9,9,7,9,10,9,10,9,9,10",14,7,32
11a_74,11a_74,"10,7,9,10,10,10,10,10,9,9,10,9,10,7,9,10",14,7,32
11a_97,11a_97,"10,7,9,10,10,10,9,9,9,9,10,9,10,7,9,10",14,7,32
12a_0032,12a_0032,"10,7,9,10,9,9,9,10,10,10,9,10,9,10,10,8",14,7,32
12a_0038,12a_0038,"10,9,9,7,9,9,9,10,10,10,9,10,9,10,10,8",14,7,32
12a_0112,12a_0112,"10,7,9,10,9,9,9,9,10,10,9,7,9,10,10,9",14,7,32
12a_0141,12a_0141,"10,7,9,10,9,9,9,9,10,10,9,10,9,10,10,8",14,7,32
12a_0160,12a_0160,"10,7,9,10,9,9,9,10,7,10,9,9,9,10,10,9",14,7,32
12a_0168,12a_0168,"10,7,9,10,9,9,9,10,10,10,9,7,9,10,10,9",14,7,32
12a_0206,12a_0206,"10,7,9,10,9,10,8,9,10,9,10,10,9,9,9,10",14,7,32
12a_0249,12a_0249,"10,7,9,10,9,9,10,10,10,10,9,10,9,10,10,8",14,7,32
12a_0253,12a_0253,"10,7,9,10,10,9,10,9,9,10,9,9,10,7,9,10",14,7,32
12a_0254,12a_0254,"10,9,9,10,10,9,8,9,9,10,9,9,10,7,9,10",14,7,32
12a_0258,12a_0258,"10,7,9,10,10,10,10,9,10,9,10,10,9,10,10,8",14,7,32
12a_0369,12a_0369,"10,7,9,10,9,9,10,10,7,10,9,9,9,10,10,9",14,7,32
12a_0375,12a_0375,"10,7,9,10,9,9,10,10,10,10,9,7,9,10,10,9",14,7,32
12a_0443,12a_0443,"10,7,9,10,7,9,10,10,10,10,9,10,9,10,10,9",14,7,32
12a_0502,12a_0502,"10,7,9,10,9,10,8,10,10,9,10,10,9,9,9,10",14,7,32
12a_0519,12a_0519,"10,7,9,10,9,10,8,9,10,9,10,10,10,9,9,10",14,7,32
12a_0600,12a_0600,"10,7,9,7,9,9,10,10,9,10,9,9,10,10,10,9",14,7,32
12a_0682,12a_0682,"10,7,9,7,9,10,9,9,10,9,10,10,9,9,9,10",14,7,32
12a_0757,12a_0757,"10,7,9,10,10,10,10,9,10,9,10,7,9,10,10,9",14,7,32
12a_0760,12a_0760,"10,7,9,10,10,9,8,9,10,10,9,10,9,9,9,10",14,7,32
12a_0796,12a_0796,"10,9,9,7,9,9,9,10,7,10,9,9,9,10,10,9",14,7,32
12a_0802,12a_0802,"10,9,9,7,9,9,9,10,10,10,9,7,9,10,10,9",14,7,32
12a_1032,12a_1032,"10,7,9,10,10,9,10,9,10,10,9,10,10,7,9,10",14,7,32
12a_1033,12a_1033,"10,7,9,7,9,9,10,10,10,10,9,10,9,10,10,9",14,7,32
12a_1040,12a_1040,"10,7,9,7,9,10,9,9,10,9,10,10,10,9,9,10",14,7,32
12a_1125,12a_1125,"10,7,9,7,9,9,10,10,9,10,9,9,9,10,10,9",14,7,32
12a_1129,12a_1129,"10,7,9,10,10,9,8,9,10,10,9,10,10,9,9,10",14,7,32
12a_1135,12a_1135,"10,7,9,10,10,9,8,9,9,10,9,9,10,9,9,10",14,7,32
12a_1147,12a_1147,"10,7,9,10,10,9,10,9,7,10,9,9,10,9,9,10",14,7,32
12a_1162,12a_1162,"10,9,9,10,10,9,8,9,10,10,9,7,10,9,9,10",14,7,32
12a_1165,12a_1165,"10,9,9,10,10,9,8,9,7,10,9,9,10,9,9,10",14,7,32
12a_1233,12a_1233,"10,7,9,10,10,9,10,9,10,10,9,7,10,9,9,10",14,7,32
12n_0472,12n_0472,"10,7,9,10,10,10,9,9,10,9,10,7,10,9,9,10",14,7,32
12n_0523,12n_0523,"10,7,9,10,10,10,9,9,10,9,10,10,10,7,9,10",14,7,32
11a_142,11a_142,"10,7,9,10,10,10,9,9,9,9,10,9,10,10,10,9",15,7,32
11a_161,11a_161,"10,7,9,10,10,10,10,10,9,9,10,9,10,10,10,9",15,7,32
11a_260,11a_260,"10,7,9,10,10,10,10,10,9,9,10,9,9,10,10,9",15,7,32
11a_64,11a_64,"10,7,9,10,10,10,10,9,9,9,10,9,10,10,10,9",15,7,32
12a_0062,12a_0062,"10,7,9,10,9,9,9,9,10,10,9,10,9,9,9,10",15,7,32
12a_0118,12a_0118,"10,7,9,10,9,9,9,10,10,10,9,10,9,9,9,10",15,7,32
12a_0121,12a_0121,"10,7,9,10,9,9,9,9,10,10,9,10,10,9,9,10",15,7,32
12a_0197,12a_0197,"10,9,9,7,9,9,9,10,10,10,9,10,9,9,9,10",15,7,32
12a_0278,12a_0278,"10,7,9,10,9,9,10,10,10,10,9,10,9,9,9,10",15,7,32
12a_0329,12a_0329,"10,7,9,10,10,10,10,9,10,9,10,10,9,9,9,10",15,7,32
12a_0453,12a_0453,"10,7,9,10,10,9,10,9,9,10,9,9,10,10,10,9",15,7,32
12a_0471,12a_0471,"10,9,9,7,9,9,9,9,10,10,9,10,9,9,9,10",15,7,32
12a_0482,12a_0482,"10,9,9,10,10,9,8,9,9,10,9,9,10,10,10,9",15,7,32
12a_0690,12a_0690,"10,9,9,10,10,9,8,10,9,10,9,9,10,10,10,9",15,7,32
12a_0772,12a_0772,"10,7,9,10,10,10,10,9,10,9,10,10,10,9,9,10",15,7,32
12a_0790,12a_0790,"10,7,9,10,10,10,10,9,9,9,10,9,10,9,9,10",15,7,32
12a_0827,12a_0827,"10,7,9,10,10,10,10,10,9,9,10,9,10,9,9,10",15,7,32
12a_1031,12a_1031,"10,7,9,10,10,10,9,9,9,9,10,9,10,9,9,10",15,7,32
12a_1127,12a_1127,"10,9,9,10,10,9,8,10,9,10,9,9,9,10,10,9",15,7,32
9a_10,9_15,"10,7,7,10,7,10,7,7,7,9,10,9,7,9,7,8,9,10",9,7,34
9a_11,9_33,"10,7,7,10,7,8,8,10,7,9,10,9,10,7,7,10,7,10",9,7,34
9a_12,9_27,"10,7,7,10,7,10,7,7,7,9,10,9,10,7,9,10,7,7",9,7,34
9a_13,9_31,"10,7,7,10,7,8,8,8,9,9,10,9,10,7,7,10,7,10",9,7,34
9a_14,9_17,"10,7,7,7,7,10,7,7,7,9,10,8,10,7,9,10,9,10",9,7,34
9a_15,9_26,"10,7,7,10,7,10,8,8,7,7,10,8,10,9,7,10,9,10",9,7,34
9a_16,9_23,"10,7,7,10,7,10,7,7,7,7,10,9,7,7,9,10,9,10",9,7,34
9a_17,9_14,"10,7,7,7,7,10,7,7,7,9,10,9,7,9,7,10,9,10",9,7,34
9a_18,9_37,"10,7,7,10,7,7,7,10,7,7,10,9,10,7,7,10,9,10",9,7,34
9a_1,9_30,"10,7,7,10,7,10,7,7,7,7,10,9,10,7,7,10,9,10",9,7,34
9a_19,9_20,"10,7,7,7,7,10,7,7,7,9,10,8,10,9,7,10,9,10",9,7,34
9a_20,9_11,"10,7,7,10,7,10,7,7,7,9,7,9,7,7,9,10,9,10",9,7,34
9a_21,9_21,"10,7,7,10,7,10,8,8,7,9,10,9,10,7,7,10,7,10",9,7,34
9a_22,9_12,"10,7,7,10,7,8,8,8,9,9,10,9,7,9,7,8,9,10",9,7,34
9a_23,9_6,"10,7,7,10,7,8,8,10,7,7,10,8,7,9,9,10,9,10",9,7,34
9a_24,9_18,"10,7,7,10,7,10,8,8,7,7,7,9,10,9,7,10,9,10",9,7,34
9a_25,9_16,"10,7,7,7,7,10,8,10,7,7,7,9,10,9,7,10,9,10",9,7,34
9a_26,9_7,"10,7,7,10,7,10,8,8,7,9,7,9,10,7,9,10,7,10",9,7,34
9a_27,9_2,"10,7,7,10,7,10,7,7,7,9,7,8,7,9,9,10,9,10",9,7,34
9a_28,9_34,"10,7,7,7,7,8,9,10,7,9,10,9,10,7,7,10,7,10",9,7,34
9a_2,9_22,"10,7,7,10,7,8,7,10,7,9,10,9,10,7,7,10,7,10",9,7,34
9a_30,9_38,"10,7,7,7,7,8,9,10,7,7,10,9,10,7,9,10,7,10",9,7,34
9a_31,9_29,"8,10,7,9,7,8,10,9,7,10,9,10,9,10,7,8,7,8",9,7,34
9a_32,9_39,"10,7,7,10,7,8,8,10,7,7,10,9,7,7,9,10,9,10",9,7,34
9a_33,9_9,"10,7,7,10,7,8,9,8,7,7,10,9,10,7,9,10,7,10",9,7,34
9a_34,9_13,"10,7,7,10,7,7,7,10,7,7,10,8,10,9,7,10,9,10",9,7,34
9a_35,9_4,"10,7,7,10,7,8,9,8,7,7,10,8,7,9,9,10,9,10",9,7,34
9a_36,9_5,"10,7,7,7,7,10,7,7,7,9,7,8,10,9,9,10,9,10",9,7,34
9a_38,9_3,"10,7,7,10,7,7,7,10,7,7,10,8,7,9,9,10,9,10",9,7,34
9a_3,9_19,"10,7,7,10,7,10,7,7,7,7,10,9,7,9,7,10,9,10",9,7,34
9a_39,9_10,"10,7,7,10,7,8,7,10,7,9,10,9,7,9,7,8,9,10",9,7,34
9a_41,9_1,"10,7,7,7,7,10,7,7,9,9,7,8,7,9,9,10,9,10",9,7,34
9a_4,9_25,"10,7,7,10,7,10,7,7,7,9,10,9,10,7,7,8,9,10",9,7,34
9a_5,9_28,"10,7,7,10,7,10,7,7,7,9,10,8,10,7,7,10,9,10",9,7,34
9a_6,9_32,"10,7,7,10,7,8,8,10,7,7,10,9,10,7,7,10,9,10",9,7,34
9a_7,9_24,"10,7,7,10,7,8,7,10,7,9,10,8,10,7,7,10,9,10",9,7,34
9a_8,9_8,"10,7,7,10,7,10,7,7,7,9,10,8,7,7,9,10,9,10",9,7,34
9a_9,9_36,"10,7,7,10,7,8,8,10,7,7,7,9,7,9,9,10,9,10",9,7,34
9n_1,9_44,"10,7,7,10,7,8,10,7,7,10,9,10,10,7,7,8,9,10",9,7,34
9n_2,9_45,"10,7,7,10,7,8,10,7,7,10,9,10,9,10,7,8,10,8",9,7,34
9n_3,9_43,"10,7,7,10,7,10,7,7,7,7,10,9,9,10,7,10,10,8",9,7,34
9n_4,9_42,"10,7,7,10,7,10,7,7,7,9,10,9,9,10,7,8,10,8",9,7,34
9n_5,9_46,"10,7,7,10,7,7,7,10,7,7,10,9,9,10,7,10,10,8",9,7,34
9n_6,9_48,"10,7,7,10,7,7,7,10,7,7,8,10,9,10,10,9,10,8",9,7,34
9n_7,9_47,"10,7,7,7,7,8,9,10,7,9,10,9,9,10,7,10,7,8",9,7,34
9n_8,9_49,"10,7,7,10,7,8,8,9,7,7,9,10,7,10,10,9,10,8",9,7,34
10a_10,10_71,"10,7,7,10,7,8,8,10,7,9,10,7,10,7,9,10,9,10",10,7,34
10a_104,10_100,"10,7,7,7,7,10,8,10,7,7,10,9,7,9,9,10,9,10",10,7,34
10a_108,10_19,"10,7,7,7,7,10,7,7,7,9,7,9,10,9,9,10,9,10",10,7,34
10a_109,10_33,"10,7,7,10,7,8,8,8,9,7,10,9,10,9,7,10,9,10",10,7,34
10a_110,10_9,"10,7,7,10,7,8,9,8,7,9,10,8,7,9,9,10,9,10",10,7,34
10a_11,10_88,"10,7,7,10,7,8,8,10,7,9,10,9,10,7,7,10,9,10",10,7,34
10a_111,10_26,"10,7,7,10,7,8,9,8,7,9,10,9,10,7,9,10,7,10",10,7,34
10a_112,10_22,"10,7,7,10,7,7,7,10,7,7,10,8,10,9,9,10,9,10",10,7,34
10a_113,10_4,"10,7,7,7,7,10,7,7,9,9,7,8,10,9,9,10,9,10",10,7,34
10a_114,10_8,"10,7,7,7,7,10,7,7,9,9,7,9,7,9,9,10,9,10",10,7,34
10a_115,10_16,"10,7,7,10,7,8,8,8,9,7,10,9,7,9,9,10,9,10",10,7,34
10a_116,10_11,"10,7,7,7,9,10,8,8,7,9,10,9,10,9,7,8,9,10",10,7,34
10a_120,10_116,"10,7,7,7,7,8,9,10,7,9,10,9,7,7,9,10,9,10",10,7,34
10a_122,10_64,"10,7,7,10,7,8,7,10,7,9,10,9,10,9,7,8,9,10",10,7,34
10a_13,10_49,"10,7,7,10,7,10,7,7,7,9,7,9,10,7,9,10,9,10",10,7,34
10a_14,10_53,"10,7,7,10,7,8,8,10,7,9,10,8,10,9,7,10,9,10",10,7,34
10a_15,10_47,"10,7,7,10,7,8,8,10,7,9,10,8,7,9,9,10,9,10",10,7,34
10a_16,10_51,"10,7,7,10,7,8,8,10,7,7,10,7,10,9,9,10,9,10",10,7,34
10a_17,10_78,"10,7,7,10,7,10,7,7,7,9,10,8,10,7,9,10,9,10",10,7,34
10a_18,10_77,"10,7,7,10,7,8,7,10,7,9,10,8,10,7,9,10,9,10",10,7,34
10a_19,10_34,"10,7,7,10,7,10,7,7,7,9,10,8,7,9,9,10,9,10",10,7,34
10a_22,10_70,"10,7,7,10,7,8,8,10,7,7,7,9,10,9,9,10,9,10",10,7,34
10a_23,10_35,"10,7,7,10,7,10,8,8,7,9,7,9,10,7,9,10,9,10",10,7,34
10a_25,10_45,"10,7,7,10,7,8,8,8,9,9,10,9,10,7,7,10,9,10",10,7,34
10a_26,10_39,"10,7,7,7,7,10,8,10,7,9,10,7,10,7,9,10,9,10",10,7,34
10a_27,10_75,"10,7,7,7,7,10,9,7,7,9,8,9,10,7,9,10,9,10",10,7,34
10a_28,10_56,"10,7,7,10,7,8,7,10,7,9,10,9,10,7,9,10,7,10",10,7,34
10a_29,10_38,"10,7,7,10,7,10,7,7,7,7,10,9,7,9,9,10,9,10",10,7,34
10a_30,10_40,"10,7,7,10,7,10,8,8,7,7,10,9,10,7,9,10,9,10",10,7,34
10a_3,10_73,"10,7,7,10,7,8,7,7,9,9,10,9,10,7,7,10,9,10",10,7,34
10a_31,10_42,"10,7,7,7,7,8,9,10,7,9,10,7,10,7,9,10,9,10",10,7,34
10a_32,10_44,"10,7,7,7,7,10,7,7,7,9,10,9,10,7,9,10,9,10",10,7,34
10a_33,10_14,"7,7,7,8,7,8,10,9,10,10,9,7,7,10,10,9,10,9",10,7,34
10a_34,10_30,"10,7,7,10,7,10,8,8,7,7,10,8,10,9,9,10,9,10",10,7,34
10a_35,10_41,"10,7,7,10,7,10,7,7,7,9,10,9,7,7,9,10,9,10",10,7,34
10a_38,10_69,"10,7,7,10,7,8,8,10,7,9,8,9,10,7,9,10,9,10",10,7,34
10a_39,10_87,"10,7,7,10,7,8,9,7,7,9,10,9,7,7,9,10,9,10",10,7,34
10a_40,10_66,"10,7,7,7,7,10,8,10,7,7,8,9,10,9,9,10,9,10",10,7,34
10a_41,10_62,"7,7,7,8,7,10,9,10,7,9,7,9,7,9,9,10,9,10",10,7,34
10a_42,10_65,"10,7,7,10,7,7,7,10,7,7,10,9,10,7,9,10,9,10",10,7,34
10a_44,10_28,"10,7,7,7,7,10,7,7,7,9,10,8,10,9,9,10,9,10",10,7,34
10a_45,10_101,"10,7,7,10,7,8,8,10,7,9,10,9,7,7,9,10,9,10",10,7,34
10a_48,10_54,"10,7,7,10,7,8,8,10,7,9,7,9,7,9,9,10,9,10",10,7,34
10a_5,10_36,"10,7,7,10,7,8,7,7,9,9,10,9,7,9,7,10,9,10",10,7,34
10a_53,10_29,"10,7,7,10,7,8,8,10,7,7,10,8,10,9,9,10,9,10",10,7,34
10a_54,10_13,"10,7,7,10,7,8,9,8,7,7,10,9,10,7,9,10,9,10",10,7,34
10a_55,10_32,"10,7,7,10,7,10,8,8,7,9,10,8,10,9,7,10,9,10",10,7,34
10a_56,10_5,"10,7,7,10,7,8,8,8,9,9,10,8,7,9,9,10,9,10",10,7,34
10a_57,10_23,"10,7,7,10,7,8,7,10,7,9,10,9,7,9,7,10,9,10",10,7,34
10a_58,10_27,"10,7,7,10,7,10,8,8,7,7,10,9,10,9,7,10,9,10",10,7,34
10a_59,10_2,"10,7,7,7,7,10,7,7,9,9,10,8,7,9,9,10,9,10",10,7,34
10a_60,10_21,"7,7,7,8,7,8,10,9,10,10,8,10,7,10,10,9,10,9",10,7,34
10a_6,10_57,"10,7,7,10,7,10,7,7,7,7,10,9,10,7,9,10,9,10",10,7,34
10a_61,10_25,"10,7,7,7,7,10,8,10,7,7,10,7,10,9,9,10,9,10",10,7,34
10a_62,10_74,"10,7,7,7,7,10,8,10,7,9,10,9,10,9,7,8,9,10",10,7,34
10a_63,10_18,"10,7,7,7,9,10,8,8,7,9,10,9,10,7,7,10,9,10",10,7,34
10a_64,10_10,"10,7,7,7,7,10,7,7,9,9,10,9,7,9,7,10,9,10",10,7,34
10a_66,10_107,"10,7,7,10,7,8,8,10,7,7,10,9,10,7,9,10,9,10",10,7,34
10a_68,10_15,"10,7,7,10,7,10,7,7,7,9,7,9,7,9,9,10,9,10",10,7,34
10a_69,10_31,"7,7,7,8,7,8,10,9,10,7,9,7,9,10,10,9,10,9",10,7,34
10a_7,10_81,"10,7,7,10,7,8,9,7,7,7,10,9,10,7,9,10,9,10",10,7,34
10a_71,10_24,"10,7,7,10,7,10,8,8,7,7,7,9,10,9,9,10,9,10",10,7,34
10a_74,10_20,"10,7,7,10,7,8,7,10,7,9,10,8,7,9,9,10,9,10",10,7,34
10a_75,10_1,"10,7,7,7,9,8,7,7,9,9,10,8,7,9,9,10,9,10",10,7,34
10a_76,10_112,"10,7,7,7,7,8,9,10,7,9,10,9,7,9,7,10,9,10",10,7,34
10a_80,10_52,"10,7,7,7,7,10,8,10,7,9,10,8,10,9,7,10,9,10",10,7,34
10a_8,10_80,"10,7,7,10,7,8,9,7,7,9,7,9,10,7,9,10,9,10",10,7,34
10a_81,10_46,"10,7,7,7,7,10,8,10,7,9,10,8,7,9,9,10,9,10",10,7,34
10a_83,10_82,"7,7,7,8,7,8,10,9,10,10,9,10,7,10,10,8,10,9",10,7,34
10a_84,10_86,"10,7,7,7,7,10,8,10,7,7,10,9,10,9,7,10,9,10",10,7,34
10a_86,10_85,"10,7,7,7,7,10,9,7,7,7,10,9,7,9,9,10,9,10",10,7,34
10a_87,10_83,"10,7,7,10,7,8,8,10,7,7,10,9,10,9,7,10,9,10",10,7,34
10a_9,10_55,"10,7,7,10,7,8,9,7,7,7,10,9,7,9,9,10,9,10",10,7,34
10a_91,10_94,"10,7,7,7,7,8,9,10,7,7,10,9,7,9,9,10,9,10",10,7,34
10a_95,10_106,"7,7,7,8,7,10,9,10,7,9,10,9,7,9,7,10,9,10",10,7,34
10a_97,10_102,"10,7,7,10,7,8,8,10,7,7,10,9,7,9,9,10,9,10",10,7,34
10a_99,10_117,"10,7,7,7,7,8,9,10,7,9,10,9,10,7,9,10,7,10",10,7,34
10n_10,10_153,"10,7,7,10,7,8,10,7,7,10,7,10,10,7,10,9,9,10",10,7,34
10n_1,10_138,"10,7,7,10,7,8,8,9,7,9,10,10,9,10,7,10,10,8",10,7,34
10n_11,10_149,"10,7,7,10,7,8,10,7,7,10,7,10,9,10,10,9,10,8",10,7,34
10n_12,10_148,"10,7,7,10,7,8,9,7,7,9,7,9,9,10,9,10,10,8",10,7,34
10n_13,10_132,"10,7,7,10,7,8,10,7,7,7,9,10,7,9,9,10,9,10",10,7,34
10n_14,10_145,"10,7,7,10,7,8,8,10,7,7,9,10,10,7,10,9,9,10",10,7,34
10n_15,10_125,"10,7,7,10,7,8,8,9,7,9,9,8,7,9,9,10,9,10",10,7,34
10n_16,10_127,"10,7,7,10,7,8,8,10,7,9,10,8,7,10,10,9,10,9",10,7,34
10n_17,10_126,"10,7,7,10,7,10,7,7,7,9,7,9,9,10,9,10,10,8",10,7,34
10n_18,10_129,"10,7,7,10,7,8,8,10,7,7,10,10,9,10,10,8,10,9",10,7,34
10n_19,10_131,"10,7,7,10,7,8,8,9,7,7,10,7,9,10,9,10,10,9",10,7,34
10n_20,10_130,"10,7,7,10,7,8,8,9,7,7,10,10,9,10,7,10,10,9",10,7,34
10n_2,10_137,"10,7,7,10,7,8,8,10,7,9,10,9,9,10,7,10,10,8",10,7,34
10n_21,10_124,"10,7,7,10,7,8,8,9,7,9,9,8,7,10,10,9,10,9",10,7,34
10n_22,10_128,"10,7,7,10,7,8,8,10,7,7,9,10,10,9,10,8,9,10",10,7,34
10n_23,10_146,"10,7,7,10,7,8,8,10,7,7,10,10,9,10,10,9,10,8",10,7,34
10n_24,10_147,"10,7,7,10,7,8,8,10,7,9,8,10,10,7,10,9,9,10",10,7,34
10n_25,10_141,"10,7,7,7,7,10,8,10,7,7,8,9,9,10,9,10,10,9",10,7,34
10n_26,10_143,"10,7,7,10,7,8,7,10,7,10,9,10,10,9,7,8,9,10",10,7,34
10n_27,10_139,"10,7,7,10,7,8,7,10,7,9,10,9,9,10,7,8,10,9",10,7,34
10n_28,10_144,"10,7,7,10,7,7,7,10,7,7,8,10,9,10,10,9,10,9",10,7,34
10n_29,10_140,"10,7,7,10,7,7,7,10,7,7,10,9,9,10,7,10,10,9",10,7,34
10n_30,10_142,"10,7,7,10,7,7,7,10,7,7,10,9,9,10,9,10,10,8",10,7,34
10n_3,10_136,"10,7,7,10,7,8,8,10,7,9,10,10,9,10,10,8,10,8",10,7,34
10n_31,10_161,"10,7,7,10,7,8,8,9,7,7,9,10,10,7,10,9,9,10",10,7,34
10n_32,10_156,"10,7,7,10,7,8,8,10,7,7,10,9,7,10,9,10,10,9",10,7,34
10n_33,10_160,"10,7,7,10,7,8,8,10,7,7,10,9,9,10,9,10,10,8",10,7,34
10n_34,10_159,"10,7,7,7,7,8,9,10,7,9,10,10,7,10,10,9,10,8",10,7,34
10n_38,10_164,"10,7,7,7,7,8,9,10,7,9,10,9,9,10,9,10,7,8",10,7,34
10n_39,10_155,"10,7,7,7,7,10,8,10,7,7,10,9,7,10,9,10,10,9",10,7,34
10n_40,10_162,"10,7,7,10,7,8,8,9,7,7,9,10,7,10,10,9,10,9",10,7,34
10n_4,10_133,"10,7,7,10,7,8,7,7,7,10,9,10,10,7,10,9,9,10",10,7,34
10n_5,10_135,"10,7,7,10,7,8,10,7,7,10,9,9,7,7,9,10,9,10",10,7,34
10n_6,10_134,"10,7,7,10,7,10,7,7,7,7,10,9,9,10,9,10,10,8",10,7,34
10n_7,10_154,"10,7,7,10,7,8,10,7,7,7,9,10,10,7,10,9,9,10",10,7,34
10n_8,10_151,"10,7,7,10,7,8,10,7,7,7,9,10,9,10,10,9,10,8",10,7,34
10n_9,10_150,"10,7,7,10,7,8,10,7,7,10,9,10,7,7,10,9,9,10",10,7,34
9a_40,9_35,"10,7,7,7,7,10,8,9,7,9,9,10,10,9,7,8,9,10",10,7,34
10a_105,10_103,"10,7,7,7,7,10,9,7,7,9,10,9,9,10,9,10,10,8",11,7,34
10a_107,10_17,"10,7,7,7,7,10,7,7,9,9,7,9,9,10,9,10,10,9",11,7,34
10a_123,10_61,"7,7,7,8,7,10,10,9,7,9,7,10,10,9,9,10,9,10",11,7,34
10a_21,10_89,"10,7,7,10,7,8,8,10,7,9,10,9,10,10,7,10,10,9",11,7,34
10a_36,10_113,"10,7,7,7,7,8,9,10,7,9,10,9,10,10,7,10,10,9",11,7,34
10a_37,10_67,"7,7,7,8,7,8,10,9,10,10,7,10,9,9,10,9,9,10",11,7,34
10a_4,10_72,"10,7,7,10,7,8,7,10,7,9,10,9,10,10,7,10,10,9",11,7,34
10a_43,10_12,"10,7,7,7,7,10,7,7,9,9,10,8,9,10,9,10,10,9",11,7,34
10a_47,10_95,"10,7,7,7,7,8,9,10,7,7,10,9,10,10,9,10,10,9",11,7,34
10a_49,10_37,"10,7,7,10,7,8,7,7,9,10,9,10,7,9,10,9,9,10",11,7,34
10a_50,10_84,"7,7,7,8,7,8,10,9,10,10,9,10,9,9,10,8,9,10",11,7,34
10a_51,10_63,"10,7,7,7,7,10,9,7,7,9,8,9,9,10,9,10,10,9",11,7,34
10a_52,10_43,"7,7,7,8,7,10,9,10,7,9,10,7,10,10,9,10,10,9",11,7,34
10a_65,10_7,"10,7,7,7,7,10,7,7,7,9,10,9,9,10,9,10,10,9",11,7,34
10a_70,10_6,"10,7,7,10,7,8,8,8,9,9,7,9,9,10,9,10,10,9",11,7,34
10a_79,10_48,"10,7,7,7,7,10,8,10,7,9,10,8,9,10,9,10,10,9",11,7,34
10a_82,10_50,"10,7,7,10,7,8,8,10,7,9,9,7,10,9,10,9,9,10",11,7,34
10n_36,10_152,"10,7,7,10,7,8,9,7,7,9,9,10,9,10,10,9,10,8",11,7,34
10n_41,10_158,"10,7,7,7,7,8,10,10,7,10,9,10,9,10,10,9,10,8",11,7,34
10a_100,10_110,"10,7,10,7,7,7,8,7,7,8,9,10,9,8,7,10,9,10,9,10",10,7,36
10a_10,10_71,"10,7,8,7,7,10,8,7,7,8,7,10,9,10,9,10,9,8,9,10",10,7,36
10a_101,10_93,"10,7,10,7,7,7,8,7,7,8,9,10,9,8,9,7,9,10,9,10",10,7,36
10a_102,10_120,"7,7,8,10,7,8,10,9,7,8,10,9,10,8,10,9,10,9,7,8",10,7,36
10a_103,10_99,"7,7,8,10,7,8,10,7,7,9,10,8,10,8,10,9,10,8,10,9",10,7,36
10a_104,10_100,"10,7,10,7,7,7,7,7,7,8,8,10,8,10,9,10,9,10,9,10",10,7,36
10a_105,10_103,"7,7,8,10,7,8,7,9,7,9,10,7,10,8,10,9,10,8,10,9",10,7,36
10a_106,10_91,"7,7,8,10,7,8,10,7,10,8,10,8,10,9,10,9,10,9,7,8",10,7,36
10a_107,10_17,"7,7,8,7,7,8,10,9,7,9,10,8,10,8,10,7,10,9,10,9",10,7,36
10a_108,10_19,"10,7,10,7,7,7,8,7,7,7,9,10,7,10,7,10,9,10,9,10",10,7,36
10a_109,10_33,"7,7,10,7,7,8,7,7,9,8,9,10,9,10,7,10,9,10,7,10",10,7,36
10a_110,10_9,"7,7,8,10,7,7,7,9,7,9,10,8,10,8,10,7,10,9,10,9",10,7,36
10a_1,10_60,"10,7,7,7,7,10,7,8,7,8,9,10,9,10,9,10,7,10,7,10",10,7,36
10a_11,10_88,"10,7,8,7,7,10,8,7,7,8,9,10,9,10,9,10,9,8,7,10",10,7,36
10a_111,10_26,"10,7,7,7,7,10,7,8,7,8,9,8,9,10,9,10,9,8,9,10",10,7,36
10a_112,10_22,"7,7,10,7,7,8,7,7,9,8,9,10,9,10,9,8,8,10,9,10",10,7,36
10a_113,10_4,"10,7,10,7,7,7,8,7,7,8,8,10,9,10,9,10,9,7,9,10",10,7,36
10a_114,10_8,"10,7,10,7,7,7,8,7,7,8,9,10,9,10,9,7,9,7,9,10",10,7,36
10a_115,10_16,"7,7,10,7,7,7,7,10,7,8,9,10,9,8,9,7,9,10,9,10",10,7,36
10a_116,10_11,"7,7,7,7,7,8,7,10,9,10,9,10,9,10,9,7,7,8,9,10",10,7,36
10a_118,10_104,"10,7,7,7,7,10,7,8,7,8,9,10,9,10,9,7,9,8,9,10",10,7,36
10a_119,10_108,"10,7,10,7,7,7,8,7,7,8,9,10,9,10,9,10,8,10,7,10",10,7,36
10a_120,10_116,"10,7,10,7,7,7,7,7,7,8,9,10,8,10,9,10,9,8,9,10",10,7,36
10a_12,10_97,"10,7,8,7,7,10,8,7,7,8,8,10,9,10,7,10,9,10,9,10",10,7,36
10a_121,10_123,"10,7,8,7,7,7,8,10,7,8,9,8,9,10,9,10,9,10,7,10",10,7,36
10a_122,10_64,"7,7,8,10,7,8,10,7,10,8,10,8,10,9,7,9,8,9,10,9",10,7,36
10a_123,10_61,"10,7,10,7,7,7,8,7,7,8,8,10,9,10,9,10,8,10,9,10",10,7,36
10a_13,10_49,"7,7,7,7,7,10,7,10,7,10,7,10,9,10,9,7,9,8,9,10",10,7,36
10a_14,10_53,"10,7,8,7,7,10,8,7,7,7,7,10,9,10,7,10,9,10,9,10",10,7,36
10a_15,10_47,"10,7,10,7,7,7,8,8,7,8,8,10,9,10,9,7,9,10,9,10",10,7,36
10a_16,10_51,"7,7,8,10,7,8,7,9,7,9,10,9,10,8,10,9,8,8,10,9",10,7,36
10a_17,10_78,"10,7,10,7,7,7,7,7,7,8,9,7,9,10,9,8,9,10,9,10",10,7,36
10a_18,10_77,"7,7,10,7,7,8,7,10,7,8,9,10,8,10,9,8,9,10,9,10",10,7,36
10a_19,10_34,"10,7,10,7,7,7,8,8,7,8,9,7,9,10,9,10,8,10,9,10",10,7,36
10a_20,10_58,"7,7,8,10,7,8,10,8,10,8,10,9,10,9,7,9,7,8,10,9",10,7,36
10a_2,10_59,"10,7,10,7,7,7,8,7,7,8,9,10,9,8,9,8,9,10,9,10",10,7,36
10a_21,10_89,"10,7,7,7,7,10,7,8,7,8,8,10,9,10,9,10,9,10,7,10",10,7,36
10a_22,10_70,"10,7,10,7,7,7,8,7,7,8,7,10,9,10,9,10,9,8,9,10",10,7,36
10a_23,10_35,"10,7,7,7,7,10,7,8,7,8,9,10,9,10,9,7,8,10,9,10",10,7,36
10a_24,10_96,"10,7,7,7,7,10,7,8,7,8,9,10,9,10,9,10,9,10,7,8",10,7,36
10a_25,10_45,"10,7,10,7,7,7,7,7,7,8,9,10,9,10,9,10,7,10,7,10",10,7,36
10a_26,10_39,"10,7,10,7,7,7,8,7,7,8,9,10,9,10,7,10,7,10,9,10",10,7,36
10a_27,10_75,"10,7,10,7,7,7,7,7,7,7,9,10,9,10,7,10,9,10,7,10",10,7,36
10a_28,10_56,"10,7,7,7,7,10,7,8,7,8,7,10,9,10,9,10,9,8,9,10",10,7,36
10a_29,10_38,"10,7,10,7,7,7,7,7,7,8,7,10,8,10,9,10,9,10,9,10",10,7,36
10a_30,10_40,"10,7,10,7,7,7,7,7,7,8,9,8,9,10,9,10,9,8,9,10",10,7,36
10a_3,10_73,"10,7,10,7,7,7,7,7,7,8,7,10,9,10,9,10,9,10,7,10",10,7,36
10a_31,10_42,"10,7,10,7,7,7,7,7,7,8,9,10,9,10,7,10,7,10,9,10",10,7,36
10a_32,10_44,"10,7,10,7,7,7,7,7,7,8,8,10,9,10,9,10,7,10,9,10",10,7,36
10a_33,10_14,"10,7,7,7,7,10,7,8,7,8,9,8,9,10,7,10,9,10,9,10",10,7,36
10a_34,10_30,"10,7,10,7,7,7,7,7,7,8,9,8,8,10,9,10,9,10,9,10",10,7,36
10a_35,10_41,"10,7,10,7,7,7,7,7,7,8,7,7,9,10,9,10,9,10,9,10",10,7,36
10a_36,10_113,"10,7,10,7,7,7,7,7,7,8,9,10,9,8,9,10,9,10,7,10",10,7,36
10a_37,10_67,"10,7,8,7,7,10,8,7,7,8,9,10,9,10,7,10,8,10,9,10",10,7,36
10a_38,10_69,"10,7,10,7,7,7,7,7,7,8,9,10,9,10,9,8,9,8,9,10",10,7,36
10a_39,10_87,"10,7,10,7,7,7,7,7,7,8,9,7,9,8,9,10,9,10,9,10",10,7,36
10a_40,10_66,"10,7,10,7,7,7,7,7,7,7,9,10,9,10,7,10,9,8,9,10",10,7,36
10a_4,10_72,"10,7,7,7,7,10,7,8,7,8,7,10,9,10,9,10,9,10,7,10",10,7,36
10a_41,10_62,"10,7,8,7,7,10,8,7,7,8,9,10,9,10,9,7,8,10,9,10",10,7,36
10a_42,10_65,"7,7,10,7,7,8,7,10,7,8,9,10,9,8,9,7,9,10,9,10",10,7,36
10a_43,10_12,"7,7,8,10,7,8,10,8,10,8,10,8,10,9,7,9,8,9,10,9",10,7,36
10a_44,10_28,"10,7,10,7,7,7,7,7,7,7,9,10,8,10,7,10,9,10,9,10",10,7,36
10a_45,10_101,"10,7,10,7,7,7,7,7,7,8,8,10,9,8,9,10,9,10,9,10",10,7,36
10a_46,10_92,"10,7,7,7,7,10,7,8,7,8,9,10,9,10,7,10,9,10,7,10",10,7,36
10a_47,10_95,"10,7,10,7,7,7,7,7,7,8,9,10,9,8,7,10,9,10,9,10",10,7,36
10a_48,10_54,"10,7,10,7,7,7,8,7,7,8,7,10,9,10,9,10,8,10,9,10",10,7,36
10a_49,10_37,"7,7,8,10,7,8,10,7,10,8,10,8,10,9,7,9,7,9,10,9",10,7,36
10a_50,10_84,"10,7,7,7,7,10,7,8,7,8,9,10,9,10,9,10,8,10,7,10",10,7,36
10a_5,10_36,"10,7,7,7,7,10,7,8,7,7,9,10,9,10,7,10,8,10,9,10",10,7,36
10a_51,10_63,"7,7,10,7,7,8,7,7,7,10,9,10,9,8,9,7,9,10,9,10",10,7,36
10a_52,10_43,"7,7,10,7,7,7,7,10,7,8,9,8,9,10,9,10,9,8,9,10",10,7,36
10a_53,10_29,"7,7,10,7,7,7,7,7,7,10,9,8,9,10,9,10,9,8,9,10",10,7,36
10a_54,10_13,"7,7,7,7,7,8,7,10,9,10,9,10,8,10,9,10,7,10,7,10",10,7,36
10a_55,10_32,"10,7,10,7,7,7,8,7,7,8,7,10,7,10,9,10,9,10,9,10",10,7,36
10a_56,10_5,"7,7,10,7,7,7,7,10,7,8,9,10,9,10,9,7,8,10,9,10",10,7,36
10a_57,10_23,"10,7,7,7,7,10,7,8,7,8,9,8,9,10,9,7,9,10,9,10",10,7,36
10a_58,10_27,"10,7,10,7,7,7,7,7,7,8,9,8,9,10,7,10,9,10,9,10",10,7,36
10a_59,10_2,"7,7,10,7,7,7,7,7,7,10,9,10,9,10,9,7,8,10,9,10",10,7,36
10a_60,10_21,"7,7,10,7,7,7,7,10,7,8,9,10,9,8,9,10,8,10,9,10",10,7,36
10a_6,10_57,"10,7,10,7,7,7,7,7,7,8,7,10,9,10,9,10,9,8,9,10",10,7,36
10a_61,10_25,"10,7,8,7,7,7,8,10,7,8,9,10,9,10,7,10,9,7,9,10",10,7,36
10a_62,10_74,"7,7,10,7,7,8,7,10,7,8,9,10,9,8,9,8,9,10,9,10",10,7,36
10a_63,10_18,"7,7,7,7,7,10,7,10,7,10,9,10,9,10,9,7,7,8,9,10",10,7,36
10a_64,10_10,"10,7,10,7,7,7,8,7,7,8,9,10,9,10,9,10,7,7,9,10",10,7,36
10a_65,10_7,"7,7,8,10,7,7,7,9,7,9,10,8,10,9,10,7,10,8,10,9",10,7,36
10a_66,10_107,"10,7,7,7,7,7,7,8,7,10,9,10,9,10,9,10,9,10,7,8",10,7,36
10a_67,10_68,"10,7,10,7,7,7,8,7,7,8,9,10,9,10,9,7,9,8,9,10",10,7,36
10a_68,10_15,"10,7,8,7,7,10,8,7,7,8,9,10,9,10,9,7,9,7,9,10",10,7,36
10a_69,10_31,"10,7,7,7,7,10,7,8,7,8,9,8,9,10,9,10,8,10,9,10",10,7,36
10a_70,10_6,"7,7,8,7,7,8,10,9,7,9,10,8,10,9,10,7,10,7,10,9",10,7,36
10a_7,10_81,"10,7,8,7,7,10,8,7,7,8,9,10,9,10,7,10,9,8,9,10",10,7,36
10a_71,10_24,"10,7,8,7,7,10,8,7,7,8,9,10,9,10,7,10,9,7,9,10",10,7,36
10a_72,10_105,"10,7,10,7,7,7,8,7,7,8,9,10,9,8,9,10,9,8,9,10",10,7,36
10a_74,10_20,"7,7,8,10,7,8,10,8,10,8,7,9,8,9,10,9,8,9,10,9",10,7,36
10a_75,10_1,"7,7,8,10,7,7,10,7,10,8,10,9,8,9,7,9,8,9,10,9",10,7,36
10a_76,10_112,"10,7,10,7,7,7,7,7,7,8,9,10,8,10,9,10,9,10,7,10",10,7,36
10a_77,10_114,"10,7,8,7,7,7,8,10,7,8,9,10,9,10,9,7,9,8,9,10",10,7,36
10a_78,10_79,"7,7,8,10,7,8,10,7,10,8,10,8,10,9,7,9,10,8,10,9",10,7,36
10a_79,10_48,"7,7,8,10,7,8,10,8,7,9,10,9,10,9,10,7,7,8,10,9",10,7,36
10a_80,10_52,"10,7,10,7,7,7,8,7,7,7,7,10,9,10,7,10,9,10,9,10",10,7,36
10a_8,10_80,"10,7,10,7,7,7,8,7,7,8,9,10,9,10,7,10,9,8,9,10",10,7,36
10a_81,10_46,"10,7,8,7,7,7,8,7,7,10,9,10,9,10,9,7,8,10,9,10",10,7,36
10a_82,10_50,"7,7,8,10,7,9,7,9,7,8,10,7,10,8,10,7,10,9,10,9",10,7,36
10a_83,10_82,"10,7,7,7,7,10,7,7,7,8,9,10,9,8,9,10,8,10,9,10",10,7,36
10a_84,10_86,"10,7,8,7,7,7,8,10,7,7,9,10,9,10,7,10,9,8,9,10",10,7,36
10a_85,10_119,"10,7,8,7,7,7,8,10,7,8,9,10,8,10,9,10,9,8,9,10",10,7,36
10a_86,10_85,"10,7,10,7,7,7,7,7,7,8,9,7,8,10,9,10,9,10,9,10",10,7,36
10a_87,10_83,"7,7,10,7,7,8,7,10,7,8,8,10,9,8,9,10,9,10,9,10",10,7,36
10a_88,10_118,"10,7,8,7,7,7,8,10,7,8,9,8,9,8,9,10,9,10,9,10",10,7,36
10a_89,10_122,"10,7,8,7,7,7,8,10,7,8,8,10,9,10,9,10,9,10,7,10",10,7,36
10a_90,10_121,"10,7,8,7,7,7,8,10,7,8,9,10,9,10,7,10,9,10,7,10",10,7,36
10a_9,10_55,"10,7,10,7,7,7,8,7,7,8,9,10,9,10,9,8,9,10,7,10",10,7,36
10a_91,10_94,"10,7,10,7,7,7,7,7,7,8,9,10,8,10,7,10,9,10,9,10",10,7,36
10a_92,10_90,"10,7,8,7,7,10,8,7,7,8,9,10,9,8,9,7,9,10,9,10",10,7,36
10a_93,10_109,"7,7,10,7,7,8,9,7,7,8,9,8,9,10,9,10,9,8,9,10",10,7,36
10a_94,10_115,"10,7,8,7,7,10,8,7,7,8,9,10,9,8,9,10,9,10,7,10",10,7,36
10a_95,10_106,"10,7,10,7,7,7,8,7,7,8,9,10,7,10,7,10,9,10,9,10",10,7,36
10a_96,10_98,"10,7,8,7,7,7,8,10,7,8,9,10,8,10,7,10,9,10,9,10",10,7,36
10a_97,10_102,"10,7,10,7,7,7,8,7,7,8,9,10,9,10,7,10,9,10,7,10",10,7,36
10a_98,10_111,"7,7,8,10,7,9,8,9,7,8,10,9,8,9,10,9,10,9,7,8",10,7,36
10a_99,10_117,"10,7,10,7,7,7,7,7,7,8,9,10,9,8,9,10,9,8,9,10",10,7,36
10n_10,10_153,"10,7,10,7,7,7,8,7,7,8,10,9,10,10,7,9,10,8,9,10",10,7,36
10n_1,10_138,"10,7,10,7,7,7,8,7,7,8,9,9,10,8,9,8,10,9,10,9",10,7,36
10n_11,10_149,"10,7,10,7,7,7,8,7,7,8,10,10,7,10,7,9,9,10,9,10",10,7,36
10n_12,10_148,"10,7,10,7,7,7,7,7,7,8,10,10,8,10,10,9,10,10,10,8",10,7,36
10n_13,10_132,"10,7,10,7,7,7,7,7,7,8,10,10,9,8,10,9,10,8,10,9",10,7,36
10n_14,10_145,"10,7,10,7,7,7,8,7,7,8,10,9,10,10,9,7,10,8,9,10",10,7,36
10n_15,10_125,"10,7,10,7,7,7,7,7,7,8,8,10,8,10,9,10,9,10,10,9",10,7,36
10n_16,10_127,"10,7,10,7,7,7,7,7,7,8,10,10,8,10,7,9,9,10,9,10",10,7,36
10n_17,10_126,"10,7,10,7,7,7,7,7,7,8,10,10,8,10,10,9,9,10,7,10",10,7,36
10n_18,10_129,"10,7,10,7,7,7,8,7,7,8,9,9,10,8,9,7,10,9,9,10",10,7,36
10n_19,10_131,"10,7,10,7,7,7,8,7,7,7,7,9,10,10,7,9,10,9,10,9",10,7,36
10n_20,10_130,"10,7,10,7,7,7,8,7,7,7,7,9,10,10,7,10,9,10,9,10",10,7,36
10n_2,10_137,"10,7,10,7,7,7,8,7,7,8,9,9,10,8,7,10,9,10,9,10",10,7,36
10n_21,10_124,"10,7,10,7,7,7,7,7,7,8,10,7,8,10,9,9,10,10,9,10",10,7,36
10n_22,10_128,"10,7,10,7,7,7,8,7,7,7,7,10,9,10,7,9,10,9,10,9",10,7,36
10n_23,10_146,"10,7,10,7,7,7,7,7,7,8,9,10,9,8,7,10,9,10,10,9",10,7,36
10n_24,10_147,"10,7,10,7,7,7,7,7,7,8,10,10,9,8,10,9,9,8,9,10",10,7,36
10n_25,10_141,"10,7,10,7,7,7,7,7,7,7,9,10,9,10,7,9,10,8,10,9",10,7,36
10n_26,10_143,"10,7,10,7,7,7,7,7,7,8,10,10,8,10,10,9,9,8,9,10",10,7,36
10n_27,10_139,"10,7,10,7,7,7,8,7,7,8,10,8,10,10,7,9,10,10,9,10",10,7,36
10n_28,10_144,"10,7,10,7,7,7,8,7,7,8,10,10,9,10,7,9,10,10,10,8",10,7,36
10n_29,10_140,"10,7,10,7,7,7,7,7,7,8,9,10,9,8,9,9,10,8,10,9",10,7,36
10n_30,10_142,"10,7,10,7,7,7,8,7,7,8,8,9,10,10,9,9,8,9,10,9",10,7,36
10n_3,10_136,"10,7,10,7,7,7,8,7,7,8,9,10,9,8,7,10,10,9,10,9",10,7,36
10n_31,10_161,"10,7,10,7,7,7,8,7,7,8,10,8,10,10,10,9,10,8,9,10",10,7,36
10n_32,10_156,"10,7,10,7,7,7,7,7,7,8,9,10,9,8,10,9,9,8,10,9",10,7,36
10n_33,10_160,"10,7,10,7,7,7,8,7,7,8,10,9,10,10,10,9,8,8,10,9",10,7,36
10n_34,10_159,"10,7,10,7,7,7,8,7,7,8,10,8,10,10,10,9,10,8,10,9",10,7,36
10n_35,10_163,"10,7,8,7,7,10,8,7,7,8,10,9,10,8,10,9,10,9,10,8",10,7,36
10n_36,10_152,"7,7,8,10,7,8,9,7,10,8,9,8,9,9,7,10,9,8,10,9",10,7,36
10n_37,10_165,"10,7,8,7,7,7,10,7,7,8,9,10,10,9,7,10,9,10,7,10",10,7,36
10n_38,10_164,"10,7,10,7,7,7,8,8,7,8,9,10,10,9,9,10,9,8,7,10",10,7,36
10n_39,10_155,"10,7,10,7,7,7,7,7,7,8,10,10,8,10,10,9,10,8,10,9",10,7,36
10n_40,10_162,"10,7,10,7,7,7,8,7,7,8,10,10,9,10,10,9,8,10,7,10",10,7,36
10n_4,10_133,"10,7,10,7,7,7,7,7,7,8,7,10,9,10,10,9,10,8,10,9",10,7,36
10n_41,10_158,"10,7,10,7,7,7,8,7,7,8,10,10,9,8,7,9,9,10,9,10",10,7,36
10n_42,10_157,"10,7,7,7,7,10,7,8,7,8,9,10,9,10,10,7,9,8,10,9",10,7,36
10n_5,10_135,"10,7,10,7,7,7,7,7,7,8,10,10,9,8,7,9,9,10,9,10",10,7,36
10n_6,10_134,"10,7,10,7,7,7,7,7,7,8,10,10,9,8,10,9,9,10,7,10",10,7,36
10n_7,10_154,"10,7,8,7,7,10,8,7,7,8,10,9,10,10,7,9,10,8,9,10",10,7,36
10n_8,10_151,"10,7,10,7,7,7,8,7,7,8,10,9,10,10,7,9,10,8,10,9",10,7,36
10n_9,10_150,"10,7,10,7,7,7,7,7,7,8,10,10,9,8,10,9,10,10,10,8",10,7,36
9a_10,9_15,"10,7,10,7,7,7,7,7,7,8,7,10,8,10,10,9,10,10,10,9",10,7,36
9a_11,9_33,"10,7,10,7,7,7,7,8,7,8,9,10,9,10,9,10,9,10,7,8",10,7,36
9a_12,9_27,"10,7,10,7,7,7,7,7,7,8,10,10,9,10,7,9,7,10,10,9",10,7,36
9a_13,9_31,"10,7,10,7,7,7,7,7,7,8,9,10,9,10,7,10,7,10,10,9",10,7,36
9a_14,9_17,"10,7,10,7,7,7,7,7,7,7,9,10,8,10,10,10,9,10,7,10",10,7,36
9a_15,9_26,"10,7,10,7,7,7,7,7,7,8,8,10,9,10,9,9,7,10,10,9",10,7,36
9a_16,9_23,"10,7,10,7,7,7,7,7,7,8,7,10,9,7,9,10,9,10,9,10",10,7,36
9a_17,9_14,"10,7,10,7,7,7,7,7,7,8,8,10,9,10,9,10,7,10,10,9",10,7,36
9a_18,9_37,"10,7,10,7,7,7,7,7,7,7,9,10,9,10,7,8,10,10,10,9",10,7,36
9a_1,9_30,"10,7,10,7,7,7,7,7,7,8,7,10,9,10,10,9,9,8,9,10",10,7,36
9a_19,9_20,"10,7,10,7,7,7,7,7,7,7,7,7,9,10,10,10,9,10,9,10",10,7,36
9a_20,9_11,"10,7,10,7,7,7,7,7,7,8,9,10,9,10,9,9,7,8,10,9",10,7,36
9a_21,9_21,"10,7,10,7,7,7,7,7,7,8,9,10,9,10,9,10,7,8,10,9",10,7,36
9a_22,9_12,"10,7,10,7,7,7,7,7,7,7,9,10,8,10,7,9,10,10,10,9",10,7,36
9a_23,9_6,"10,7,10,7,7,7,8,7,7,8,7,10,7,10,10,9,10,9,10,9",10,7,36
9a_24,9_18,"10,7,10,7,7,7,8,7,7,8,9,9,10,10,7,10,7,9,9,10",10,7,36
9a_25,9_16,"10,7,10,7,7,7,8,7,7,7,7,10,9,10,10,10,9,8,9,10",10,7,36
9a_26,9_7,"10,7,10,7,7,7,8,7,7,7,7,10,9,10,7,9,10,10,10,9",10,7,36
9a_27,9_2,"10,7,10,7,7,7,8,7,7,8,8,10,9,10,9,10,10,7,10,9",10,7,36
9a_28,9_34,"10,7,10,7,7,7,7,8,7,8,9,10,9,10,9,10,9,8,7,10",10,7,36
9a_2,9_22,"10,7,10,7,7,7,7,7,7,8,9,10,9,8,9,8,10,10,10,9",10,7,36
9a_29,9_41,"10,7,10,7,7,7,8,7,7,8,9,9,10,8,9,10,9,8,9,10",10,7,36
9a_30,9_38,"10,7,10,7,7,7,7,8,7,8,9,10,9,10,7,10,9,8,9,10",10,7,36
9a_31,9_29,"10,7,10,7,7,8,8,7,7,8,8,10,9,10,7,10,9,10,9,10",10,7,36
9a_32,9_39,"10,7,10,7,7,7,7,8,7,8,8,10,9,10,9,10,9,8,9,10",10,7,36
9a_33,9_9,"10,7,10,7,7,7,8,7,7,7,9,10,7,10,10,10,9,8,9,10",10,7,36
9a_34,9_13,"10,7,10,7,7,7,8,7,7,7,9,8,10,10,7,9,10,9,10,9",10,7,36
9a_35,9_4,"10,7,10,7,7,7,8,7,7,7,9,10,7,10,7,9,10,10,10,9",10,7,36
9a_36,9_5,"10,7,10,7,7,7,7,7,7,7,9,7,8,10,10,10,9,10,9,10",10,7,36
9a_37,9_40,"10,7,8,7,7,8,10,7,7,8,10,9,10,9,10,9,10,8,10,8",10,7,36
9a_38,9_3,"10,7,10,7,7,7,8,7,7,7,9,10,7,10,7,9,10,9,10,9",10,7,36
9a_3,9_19,"10,7,10,7,7,7,7,7,7,8,10,10,9,10,10,9,7,10,10,8",10,7,36
9a_39,9_10,"10,7,10,7,7,7,8,7,7,8,9,9,10,10,9,7,10,8,9,10",10,7,36
9a_40,9_35,"10,7,10,7,7,7,8,7,7,8,9,9,10,10,9,7,9,8,9,10",10,7,36
9a_41,9_1,"7,7,10,7,7,7,7,10,7,8,10,9,10,10,10,7,8,9,10,9",10,7,36
9a_4,9_25,"10,7,10,7,7,7,7,7,7,8,7,10,9,10,10,9,10,10,10,8",10,7,36
9a_5,9_28,"10,7,10,7,7,7,7,7,7,7,7,10,9,10,10,10,9,10,7,10",10,7,36
9a_6,9_32,"10,7,10,7,7,7,7,8,7,8,8,10,9,10,7,10,9,10,9,10",10,7,36
9a_7,9_24,"10,7,10,7,7,7,7,7,7,8,10,10,9,10,10,8,9,10,7,10",10,7,36
9a_8,9_8,"10,7,10,7,7,7,7,7,7,7,7,10,9,10,10,10,8,10,9,10",10,7,36
9a_9,9_36,"10,7,10,7,7,7,7,8,7,8,9,7,9,10,9,7,9,10,9,10",10,7,36
9n_1,9_44,"10,7,10,7,7,7,7,7,7,8,7,10,9,10,9,10,10,8,10,9",10,7,36
9n_2,9_45,"10,7,10,7,7,7,7,7,7,8,7,10,9,10,9,10,9,9,7,10",10,7,36
9n_3,9_43,"10,7,10,7,7,7,7,7,7,8,7,10,9,10,10,9,10,9,10,8",10,7,36
9n_4,9_42,"10,7,10,7,7,7,7,7,7,8,9,10,9,10,9,8,10,9,10,8",10,7,36
9n_5,9_46,"10,7,10,7,7,7,7,7,7,7,9,10,9,10,7,8,10,9,10,9",10,7,36
9n_6,9_48,"10,7,10,7,7,7,7,7,7,7,9,10,9,10,7,10,9,9,7,10",10,7,36
9n_7,9_47,"10,7,10,7,7,7,7,7,7,8,9,10,9,8,9,10,9,9,7,10",10,7,36
9n_8,9_49,"10,7,10,7,7,7,7,7,7,8,8,10,9,8,9,10,9,9,9,10",10,7,36
